age_scaled,total_salary_idr_scaled,total_spending_idr_scaled,frequency_yearly_scaled,membership_status_label,membership_status
-1.1579772090541656,1.7146012456668895,-0.8232424793665994,0.16325057637357934,2,Silver
-1.4211239444374553,-1.4735133153856952,-1.458363720067973,1.493495200513201,1,Platinum
-0.23696363521265207,-1.3034548914455615,-0.6323011116440156,0.7544704093245223,0,Gold
0.4209032032455719,1.1085523470248488,0.6405510835787717,-0.723579173052835,0,Gold
0.7498366224746839,-0.8683984620849864,0.6578723607710676,0.2371530554924472,0,Gold
-0.8290437898250537,1.5754495788245897,1.626971978159988,0.7544704093245223,0,Gold
-0.6316837382875864,-0.3024801668416552,-0.3910995802057163,-1.314799006003778,1,Platinum
-0.5001103705959417,-0.5617102447883099,-0.29965206594589905,1.5673976796320688,2,Silver
0.4209032032455719,-0.6241595054351466,1.1361298642252673,1.5673976796320688,2,Silver
-1.6842706798207447,-1.755351098266875,0.2627996504335524,-0.3540667774584957,2,Silver
-0.894830473670876,0.011460551453882556,0.19149469200586217,0.5327629719679187,0,Gold
1.2761300932412631,1.5188911911202136,-0.25170610125328036,0.9761778466811258,1,Platinum
0.026183100170637526,-0.7215335749752206,-0.095447339940482,1.1239828049188616,2,Silver
-1.3553372605916327,0.139237455468576,0.8857002840259521,0.5327629719679187,1,Platinum
-1.3553372605916327,1.557425530768042,-1.200627461732331,0.08934809725471148,2,Silver
0.4209032032455719,1.3310771671521766,0.6930884632642526,1.0500803257999938,0,Gold
0.2235431517081047,-0.9833734944031303,1.3064742740413398,-0.3540667774584957,2,Silver
1.2761300932412631,-1.6820013562791498,-1.189374940431142,-0.5018717356962314,0,Gold
0.5524765709372167,0.7883679516936497,-1.6932911075868444,-0.723579173052835,0,Gold
-0.23696363521265207,-0.6268156495407865,-0.0020015365206864076,-0.20626181922075998,2,Silver
-1.0921905252083433,0.08456291112632235,-0.5480669243890605,-0.20626181922075998,1,Platinum
1.6050635124703752,-1.7417127499699598,0.08371465336192506,-0.2801642983396278,0,Gold
-0.5001103705959417,0.3950671684162916,0.4169315753978507,-1.6843114015981173,1,Platinum
1.6050635124703752,-1.2032088707518203,1.407677078658612,1.1239828049188616,2,Silver
0.09196978401645993,-1.6646368934179818,-1.0665536376023215,1.345690242275465,0,Gold
-0.23696363521265207,-0.8524400889849629,1.4850310583229007,-0.5018717356962314,1,Platinum
-1.4869106282832776,1.3299527147933057,0.7187022966679146,-0.1323593401018921,0,Gold
-0.43432368675011923,-1.0526791553898966,1.163875195706841,-0.8713841312905707,2,Silver
-0.5001103705959417,-0.9837839495747047,-0.3509566512885126,1.1978852840377294,0,Gold
1.0129833578579734,-1.6305919742047421,-1.1816267576718023,-1.166994047766042,2,Silver
0.026183100170637526,1.472860789814202,-1.2958554443061374,-1.314799006003778,1,Platinum
0.4866898870913943,0.2804782864699065,0.8793074990930017,1.1978852840377294,0,Gold
-1.4869106282832776,1.3082005714361826,0.8257159081488584,-1.7582138807169851,1,Platinum
0.7498366224746839,0.9662907610368233,-1.2129444889446324,-1.6843114015981173,2,Silver
-1.2895505767458104,-1.2230172359959814,-0.5538153417741083,-1.5365064433603814,2,Silver
1.4077034609329078,-0.45671537380729815,0.34058247035595274,-0.7974816521717029,1,Platinum
-1.2895505767458104,1.4288124996946872,0.4866332096899507,0.5327629719679187,1,Platinum
1.5392768286245526,-0.6387042153704394,-1.3364973336613504,0.8283728884433901,2,Silver
1.6708501963161975,-0.07788097982076479,1.7658576393885328,-1.6843114015981173,1,Platinum
-0.03960358367518487,-0.6078599563292744,0.04155513799680298,1.1239828049188616,2,Silver
-0.03960358367518487,0.17706208564067646,-0.06887035439266195,-0.7974816521717029,1,Platinum
-0.5001103705959417,-1.750571371795754,-1.185973198784091,-0.3540667774584957,2,Silver
-1.1579772090541656,-1.0240909783227947,0.12846185587561765,0.015445618135843619,2,Silver
-0.43432368675011923,0.9450575938989653,0.7072127264261517,1.2717877631565973,0,Gold
1.0129833578579734,-0.961715168039351,1.6219160995267614,-1.2408965268849101,2,Silver
1.2103434093954406,-0.10048024914883402,-0.47049935982223545,0.2371530554924472,2,Silver
1.5392768286245526,-1.29313350749702,-1.2939621217534076,1.5673976796320688,0,Gold
-0.6974704221334088,0.27688637261719523,-0.2454157966718924,-0.2801642983396278,0,Gold
-0.6316837382875864,0.7682432745101816,1.743322528631451,-0.1323593401018921,1,Platinum
-0.30275031905847444,-1.2686747229094244,-1.2379319024586262,0.5327629719679187,1,Platinum
-0.894830473670876,-0.5133771559477065,-1.1440086214038592,-1.2408965268849101,2,Silver
-0.9606171575166984,1.412757583176029,0.3309330012561385,0.4588604928490508,1,Platinum
-1.0921905252083433,-0.12642036817504754,0.8387907771724871,0.902275367562258,1,Platinum
-1.6842706798207447,0.10537320271072509,1.2197434199045734,-0.6496766939339671,2,Silver
0.35511651939974953,0.0019467486581787599,-0.6263511521574111,1.1239828049188616,0,Gold
0.2235431517081047,1.4984581715482892,0.39771977269047193,1.2717877631565973,0,Gold
-1.223763892899988,-0.2445959907569252,1.0912464226695242,0.16325057637357934,2,Silver
-0.36853700290429686,0.013886650512753822,-1.461130495321435,1.1239828049188616,2,Silver
-0.30275031905847444,-0.2597486935320925,-0.8835670060997513,1.1978852840377294,2,Silver
-0.5658970544417641,-0.7111341966211346,-1.4405002448973765,-0.5018717356962314,2,Silver
-1.6184839959749224,-0.47314979940533985,0.8755423367905801,0.7544704093245223,2,Silver
1.4077034609329078,0.6858577396583133,-0.9695255670640149,-0.723579173052835,2,Silver
1.1445567255496183,1.7248179535264843,0.03553979775520246,0.16325057637357934,1,Platinum
-1.1579772090541656,0.54744654196169,-0.6970368386805307,-0.5757742148150993,1,Platinum
-1.5526973121291,-0.021201627384037185,0.2431285896836521,1.1239828049188616,1,Platinum
-0.03960358367518487,-0.1902938248432942,-0.42879393574953717,-1.6843114015981173,0,Gold
-0.36853700290429686,-0.7132414670404306,0.34928926007327443,0.4588604928490508,2,Silver
0.2235431517081047,-0.4444847930717069,-1.3232321883822429,0.902275367562258,2,Silver
0.09196978401645993,-1.143838466644617,-0.7376236419331978,1.1978852840377294,1,Platinum
0.6182632547830391,0.7005396097582415,0.15376420805910226,1.1978852840377294,0,Gold
-0.03960358367518487,-1.0294279441783745,-1.1202697744172416,0.6805679302056544,1,Platinum
0.4866898870913943,-0.12609485163753628,-1.0770582232671826,0.6805679302056544,2,Silver
-1.223763892899988,-0.4476110241636175,1.5150558589434555,-1.6104089224792493,2,Silver
-1.0921905252083433,-0.9375900093567987,-1.1298651674558826,-0.5757742148150993,1,Platinum
1.4077034609329078,1.648283117623901,-0.07374629027060522,-0.7974816521717029,1,Platinum
1.078770041703796,0.6301120364156529,-0.3157918666665991,-0.7974816521717029,2,Silver
1.5392768286245526,-0.55226910006147,-0.17780945435927473,1.5673976796320688,1,Platinum
-0.8290437898250537,-1.7168834045706023,-0.9187583237315652,0.9761778466811258,2,Silver
0.8814099901663287,-1.0320241302303945,0.37030204424329044,0.7544704093245223,1,Platinum
-0.7632571059792312,0.296629000718231,-0.2971915663147719,-1.7582138807169851,0,Gold
-0.6316837382875864,0.717654103695515,1.7266473282878418,1.7152026378698044,2,Silver
-0.5658970544417641,-0.46010590503296583,-0.684531011427064,0.3110555346113151,0,Gold
0.35511651939974953,0.7182019753623077,-1.2464591378981154,-1.5365064433603814,1,Platinum
0.7498366224746839,-1.1245157779467232,0.7047838488595325,0.6066654510867865,0,Gold
-0.23696363521265207,-0.9586338181022294,0.4706279387105171,-0.5757742148150993,1,Platinum
1.2761300932412631,-0.7614975634950408,-1.6198516598048702,0.2371530554924472,0,Gold
-0.23696363521265207,0.5395617433231387,-1.5777401214049414,0.08934809725471148,0,Gold
0.5524765709372167,0.7116622365033889,-1.236178936808927,-1.2408965268849101,0,Gold
0.8156233063205063,1.204373822224257,0.7198587551916689,0.6805679302056544,2,Silver
-0.7632571059792312,-1.6538274560395858,-1.0480779219690162,-0.5018717356962314,0,Gold
-0.17117695136682967,1.7155693829757481,0.9470507797070817,0.4588604928490508,1,Platinum
0.09196978401645993,0.06737478040341388,1.2631884071549127,0.16325057637357934,1,Platinum
-0.6974704221334088,-1.1114095486371425,0.39802791300457113,-0.6496766939339671,2,Silver
-0.6974704221334088,1.6384975578047556,1.0323326906472683,-1.0930915686471743,2,Silver
0.8814099901663287,-0.0500756829594207,0.9203128867990752,1.1239828049188616,1,Platinum
0.8156233063205063,0.17379981291758323,-0.8564331769737293,-0.9452866104094386,0,Gold
-1.3553372605916327,0.7561596178041564,-1.5015355688225445,-0.20626181922075998,1,Platinum
-1.6184839959749224,0.5306338423316188,-0.6844883566029488,-0.6496766939339671,2,Silver
-0.894830473670876,1.4320772658152687,1.7654308969086563,-0.9452866104094386,2,Silver
1.1445567255496183,0.8172482757169243,0.17404416836563277,-1.0191890895283064,1,Platinum
1.3419167770870855,0.1582198769690512,-0.8757528598692389,-0.3540667774584957,0,Gold
-1.1579772090541656,1.306412036445341,-0.8837306716498395,-1.7582138807169851,0,Gold
0.4866898870913943,-0.549888790965818,0.40352218844120286,0.16325057637357934,2,Silver
-0.6316837382875864,0.9833427569174281,1.1399106433212174,-1.6104089224792493,1,Platinum
0.026183100170637526,-1.1319501804483272,1.6595804257636233,-0.9452866104094386,1,Platinum
0.1577564678622823,1.0464742530620612,0.1326791670832082,0.38495801373018296,2,Silver
0.6840499386288615,1.5941069498431588,-0.06002507246407406,-1.166994047766042,1,Platinum
1.078770041703796,-1.5530789108894463,-0.8339228899257638,0.902275367562258,2,Silver
-0.30275031905847444,1.0668143178435117,0.9267247459748678,-1.7582138807169851,0,Gold
1.6050635124703752,-1.5060251912909106,-1.4059543048548375,1.2717877631565973,0,Gold
-0.17117695136682967,-1.3556279755375693,-0.6502337358008827,-1.5365064433603814,1,Platinum
-1.2895505767458104,-0.4279631917726967,0.7945123503988645,-0.723579173052835,0,Gold
0.4866898870913943,-0.17772197489073305,-0.9640755780567923,0.16325057637357934,0,Gold
1.4077034609329078,-1.715307926899717,-1.6570273591039182,-1.2408965268849101,2,Silver
-0.9606171575166984,1.2735582155425282,0.7085183602910735,-0.1323593401018921,2,Silver
-0.23696363521265207,0.4994568894966211,1.5776530953079417,-0.723579173052835,1,Platinum
-0.7632571059792312,-0.9932851688690658,0.16568704720191763,0.16325057637357934,2,Silver
0.4209032032455719,0.41254630425913996,-0.8871900245028677,0.4588604928490508,1,Platinum
-0.894830473670876,-0.024932728743266807,-0.12967966213686316,1.0500803257999938,1,Platinum
-0.23696363521265207,0.9913954520877833,1.0406316955843202,1.6413001587509366,2,Silver
0.7498366224746839,0.41846059649576633,0.5986293164136354,-1.2408965268849101,0,Gold
0.35511651939974953,-0.6603954219571715,-0.6353139096671685,0.38495801373018296,0,Gold
1.2103434093954406,-1.3577528861615251,-0.13495646789644908,1.2717877631565973,0,Gold
1.5392768286245526,1.329175916613197,0.9560890960810502,-0.5018717356962314,0,Gold
0.5524765709372167,0.24114121264753538,0.03758163523743311,-1.5365064433603814,1,Platinum
-1.6842706798207447,-1.004428581694209,1.7559662653800074,1.6413001587509366,0,Gold
1.3419167770870855,0.7154892288034058,1.614864262598262,1.345690242275465,1,Platinum
1.2103434093954406,0.09598381345885211,1.0530815820848491,-0.20626181922075998,2,Silver
-1.4211239444374553,0.8914902112526265,-1.529967262264469,-1.6104089224792493,2,Silver
-0.894830473670876,1.1397494101592147,1.6642855869541258,-0.723579173052835,1,Platinum
-1.4211239444374553,-0.7052172711703384,-1.0817992020786633,0.7544704093245223,0,Gold
0.35511651939974953,-0.4407861291826051,-0.6982791507209464,1.6413001587509366,1,Platinum
1.6050635124703752,1.1007680066720167,-0.643666679883433,0.9761778466811258,0,Gold
-0.36853700290429686,0.6645071964162642,-0.86907862302307,0.6066654510867865,0,Gold
-0.17117695136682967,-0.9155459287685251,-1.5836279633471377,-0.7974816521717029,1,Platinum
-0.5658970544417641,-0.06967884392057493,0.7201264161553783,1.7152026378698044,1,Platinum
-0.36853700290429686,-0.49042114435657197,0.8745382391230913,-1.7582138807169851,0,Gold
-1.0921905252083433,-1.1813320342175033,0.2253269989709928,0.08934809725471148,1,Platinum
-0.17117695136682967,-1.7032924075231843,-0.1556759127432474,-1.2408965268849101,0,Gold
0.8814099901663287,0.23912090820418572,0.49836787035552244,-0.6496766939339671,1,Platinum
1.3419167770870855,-0.430474043043389,1.5016781328990607,0.9761778466811258,2,Silver
-0.36853700290429686,0.06030411099895451,1.0015343925741127,-1.0930915686471743,0,Gold
-0.10539026752100726,1.1854590020893283,-0.6432055183014017,1.2717877631565973,2,Silver
1.6708501963161975,1.4486852738234988,-0.6689935449940729,0.902275367562258,1,Platinum
-0.23696363521265207,-1.6618588524687796,-0.4480266773915225,0.08934809725471148,2,Silver
-0.30275031905847444,1.52674292311357,-0.12693398120898838,0.2371530554924472,1,Platinum
-1.4869106282832776,0.8532077280538941,0.22631307128475725,-0.9452866104094386,0,Gold
0.4866898870913943,-0.7625882734280891,-1.7186572477677762,-0.3540667774584957,1,Platinum
-1.3553372605916327,0.0676631756119642,1.0263189431632167,-0.7974816521717029,1,Platinum
0.09196978401645993,0.26791119028451926,-1.4623122437272464,1.5673976796320688,0,Gold
0.2893298355539271,-0.4861594386907254,-1.063086437504784,0.7544704093245223,1,Platinum
0.5524765709372167,0.052755967626880736,0.7658097716303874,0.3110555346113151,0,Gold
0.8156233063205063,-0.8341767213751016,1.1916631043170396,-0.9452866104094386,1,Platinum
1.0129833578579734,1.5310233176091885,1.3752946860836888,-0.5018717356962314,0,Gold
-0.23696363521265207,0.2283913760593159,0.691811343644231,1.419592721394333,2,Silver
-1.3553372605916327,-9.921214624184896e-05,-0.7004937441256177,-1.6843114015981173,1,Platinum
-0.6974704221334088,0.16458521782047236,-1.6061606655440235,-1.6843114015981173,1,Platinum
-1.6184839959749224,-0.23118857301242893,1.5761475509467575,-0.5757742148150993,1,Platinum
-0.17117695136682967,1.6713409856675707,-0.6108618569283388,-1.0930915686471743,0,Gold
-0.6316837382875864,-1.7231400845576512,-0.4902250793494854,-0.5018717356962314,1,Platinum
1.2103434093954406,-0.025329598393947193,-0.6737799756673156,-0.20626181922075998,0,Gold
-1.6842706798207447,1.1246289817347133,-0.1018379882474522,-0.42796925657736357,1,Platinum
-1.3553372605916327,1.501287501916853,-0.45605875947202185,-1.7582138807169851,2,Silver
-1.4211239444374553,0.47713023939486326,-0.28171070104638535,-0.058456860983024245,1,Platinum
1.2103434093954406,1.133703783453019,0.2643246186672846,0.8283728884433901,2,Silver
1.5392768286245526,1.1906861652443028,-1.3321959947811177,0.015445618135843619,0,Gold
0.1577564678622823,0.07887999219493969,1.6227196651340663,0.8283728884433901,2,Silver
-0.9606171575166984,-0.497557923748641,-1.4261714872052933,0.4588604928490508,1,Platinum
0.8156233063205063,1.648159123530115,1.0703145195047974,0.4588604928490508,1,Platinum
1.3419167770870855,0.1811922471119313,0.19879266824728783,-1.6843114015981173,0,Gold
-1.5526973121291,-0.05242646743247792,-0.543017611024755,-0.42796925657736357,1,Platinum
1.4077034609329078,-1.0296558919749192,0.36239563461817575,-0.9452866104094386,1,Platinum
-1.6842706798207447,-0.778251353696604,-0.56877471491233,-1.0930915686471743,0,Gold
0.026183100170637526,-0.26515188588918315,1.0234940128353467,0.4588604928490508,0,Gold
1.4077034609329078,-0.46633914242306895,0.6482253390791943,1.493495200513201,2,Silver
-0.17117695136682967,-1.5932915167719057,-1.1537441382590603,-0.20626181922075998,0,Gold
1.1445567255496183,-1.5761077203661265,-0.2108157417204352,-0.1323593401018921,1,Platinum
-0.5001103705959417,0.42204780318686425,-0.5081751849916457,-0.1323593401018921,0,Gold
-1.223763892899988,1.5687807192602268,1.1317946112635662,-0.723579173052835,1,Platinum
1.1445567255496183,1.439770072847223,-0.5138053109928771,0.08934809725471148,2,Silver
1.3419167770870855,-0.7708952951422484,-0.8105871271422594,-1.6104089224792493,0,Gold
-1.6184839959749224,-0.811454226944995,-1.2789494883566597,-0.1323593401018921,1,Platinum
0.2235431517081047,0.9384796384804132,-0.6499730674312905,-0.3540667774584957,0,Gold
0.2235431517081047,-0.9691419505318086,-0.22411169326140362,1.493495200513201,0,Gold
1.4734901447787303,-0.8631903839070483,1.1330608923627061,1.1239828049188616,0,Gold
0.8156233063205063,-0.6793941087982712,0.12476440519289793,1.0500803257999938,0,Gold
1.2103434093954406,-1.225893544769558,-1.0518863218117294,-1.2408965268849101,2,Silver
0.35511651939974953,-0.060823461181237416,0.6138392575077244,-0.5018717356962314,1,Platinum
-1.6842706798207447,-0.16551644464392584,-1.7132447856823159,1.1978852840377294,0,Gold
0.7498366224746839,-0.7549776319993466,1.2481882827320856,-1.3887014851226458,1,Platinum
-0.894830473670876,0.8628809451693856,1.6868491342606176,0.16325057637357934,2,Silver
-1.0264038413625207,0.3682488375102594,-0.8871132613585585,0.8283728884433901,1,Platinum
-1.0921905252083433,1.5728535558920316,-1.6022152885521028,-0.723579173052835,1,Platinum
1.4077034609329078,0.9678334050903165,0.48553840253766334,0.902275367562258,2,Silver
-0.03960358367518487,-0.32785666152161735,-1.0469361867406533,-1.4626039642415136,0,Gold
-0.43432368675011923,-1.0919388872845706,-1.043960177532106,1.0500803257999938,1,Platinum
-0.6316837382875864,1.7215213092025012,-0.5215747434687843,-1.166994047766042,1,Platinum
-0.6316837382875864,0.6435084319450842,0.7618783021312111,-1.314799006003778,0,Gold
-1.4869106282832776,1.3320757611948404,1.0917380020359653,1.1978852840377294,0,Gold
-1.4211239444374553,0.010607692998991385,-0.19610942279376697,-0.3540667774584957,1,Platinum
-0.23696363521265207,-0.9546982814517415,1.2944143412060818,-1.0930915686471743,2,Silver
1.2761300932412631,-1.7307326197261284,0.4326724486241629,0.08934809725471148,0,Gold
1.6708501963161975,1.5377221678517516,1.3483067690882462,-1.5365064433603814,0,Gold
-1.0921905252083433,0.07208769780351701,-1.3939449906314392,0.9761778466811258,2,Silver
1.2761300932412631,1.620071373669188,-0.006717536232070628,-0.058456860983024245,1,Platinum
0.09196978401645993,0.9034537188236093,1.0502583610577634,-0.7974816521717029,0,Gold
0.4209032032455719,0.4435355298963289,0.40109746758330883,1.1978852840377294,1,Platinum
1.078770041703796,0.5983444280092974,1.3536900176693945,-1.7582138807169851,1,Platinum
-0.03960358367518487,1.5385548694017142,-0.49279450805786096,-0.5757742148150993,1,Platinum
1.5392768286245526,-1.5561179196748278,-0.2662925360385832,1.493495200513201,2,Silver
1.4077034609329078,-1.6562199291865358,-1.223130678490689,-0.058456860983024245,1,Platinum
0.1577564678622823,0.23340401381917777,1.1904158974607417,0.16325057637357934,1,Platinum
0.026183100170637526,-0.13627334293749743,-0.6074314844931521,-1.314799006003778,0,Gold
-0.5658970544417641,-1.4837239878252013,-0.4898885413337213,-1.166994047766042,0,Gold
0.8814099901663287,-0.4684726750757226,-0.7432063736854125,1.345690242275465,2,Silver
-1.0921905252083433,-0.02786088620293127,-1.172278475139715,0.7544704093245223,2,Silver
1.0129833578579734,0.44005416443319123,1.2173091036536408,-0.9452866104094386,0,Gold
-1.4211239444374553,-0.2720765167697265,-0.7364642309808164,-0.2801642983396278,0,Gold
-1.0921905252083433,-0.31360293340348416,-0.7988324598879634,-1.6104089224792493,2,Silver
1.5392768286245526,-0.36519302853884106,-0.4272431726130614,-0.723579173052835,1,Platinum
-0.36853700290429686,0.6855496069948791,-1.1321607584090785,-0.2801642983396278,2,Silver
-0.17117695136682967,-0.7036372028517409,-0.22547043199387126,-1.0930915686471743,1,Platinum
0.7498366224746839,0.266822251362771,-1.5170936245604363,0.6066654510867865,0,Gold
-1.5526973121291,-0.27414200530400856,-0.19388861374988037,1.5673976796320688,0,Gold
0.8814099901663287,-0.6853037637816249,-0.276206053261813,-1.3887014851226458,0,Gold
0.2893298355539271,1.7217886853032531,-0.32547548293435247,-1.6843114015981173,1,Platinum
0.9471966740121511,0.8499021820678502,-0.38444364064748743,0.3110555346113151,2,Silver
0.6840499386288615,-0.5175119313694537,-0.7886622756128863,1.1239828049188616,1,Platinum
-1.6184839959749224,1.6318364580662206,1.3773717973184663,0.6066654510867865,2,Silver
-1.6184839959749224,-1.1847326555470254,-0.13409769964336327,-1.5365064433603814,2,Silver
0.8156233063205063,1.1223450762410145,0.5627407206050985,-1.5365064433603814,2,Silver
1.4734901447787303,-1.1201618864821514,0.4991990955573354,0.3110555346113151,0,Gold
1.0129833578579734,-1.7482921734636687,-1.3009647385888705,0.902275367562258,2,Silver
1.1445567255496183,1.3582578329885375,-1.3024669808917217,-0.3540667774584957,0,Gold
0.4866898870913943,-0.19453269378448176,1.663878579128758,1.1978852840377294,2,Silver
1.0129833578579734,1.5923541613172427,-1.474762363314246,-0.1323593401018921,2,Silver
-0.43432368675011923,-0.8134290210584887,0.5869007936917887,1.493495200513201,0,Gold
0.4209032032455719,-0.19077078614974283,-0.5794991788144328,-0.5018717356962314,0,Gold
-1.4869106282832776,1.4395216419068257,-0.203316223377453,0.015445618135843619,1,Platinum
1.2103434093954406,-1.583969961913382,-0.7286043221065812,-1.7582138807169851,2,Silver
1.1445567255496183,0.302471566997204,-1.6923156018597458,-0.723579173052835,0,Gold
-1.0264038413625207,0.9630638852369515,-1.1975692895429062,0.6805679302056544,1,Platinum
1.0129833578579734,0.1929062285118445,-1.0103646087255886,1.7152026378698044,1,Platinum
1.3419167770870855,-1.488746296238873,-0.7241522928231223,-0.3540667774584957,0,Gold
-1.4211239444374553,-0.839124763828071,-1.272505502095673,0.902275367562258,2,Silver
-0.10539026752100726,-0.279586979546113,0.15838980906764877,0.16325057637357934,1,Platinum
1.4734901447787303,1.5863924013172181,0.29514630308298767,-0.20626181922075998,2,Silver
0.6840499386288615,0.4480761232363779,-1.0909023941869416,-1.4626039642415136,2,Silver
0.4866898870913943,0.5210919829884768,-0.6668396317672411,0.6805679302056544,1,Platinum
-1.1579772090541656,-1.5980362191642892,-0.15265460706391853,1.0500803257999938,0,Gold
-1.3553372605916327,0.7013766223225529,-1.0710998338198923,-1.6104089224792493,2,Silver
-0.5658970544417641,0.5971048133103606,0.3967685468040583,-0.5757742148150993,0,Gold
-0.8290437898250537,-0.6312294524534178,-0.3971247877745711,-0.058456860983024245,1,Platinum
-0.5001103705959417,1.6388087664351847,0.9476474033762616,-0.058456860983024245,2,Silver
-0.8290437898250537,-1.642044172171167,0.14213455284852428,-1.6104089224792493,0,Gold
0.8814099901663287,-0.6775296533493288,0.30023442534464373,1.493495200513201,0,Gold
-0.6316837382875864,-1.05218385479538,1.0469331494685508,-1.314799006003778,2,Silver
0.5524765709372167,-0.53146610224729,0.339740367785513,0.015445618135843619,0,Gold
0.1577564678622823,0.5331286612894893,-1.5320157427111112,-1.6104089224792493,0,Gold
1.0129833578579734,0.3459314386122665,-0.21678326038782292,-0.723579173052835,1,Platinum
-0.6316837382875864,-0.5559617984388242,0.4196937277696461,0.3110555346113151,1,Platinum
1.078770041703796,1.6679374980960762,1.258414679694316,0.3110555346113151,0,Gold
-1.223763892899988,0.2735360153847032,-0.6748734619962697,-1.0930915686471743,0,Gold
-1.6842706798207447,1.3640119186108473,-0.4663227222037601,0.5327629719679187,2,Silver
1.2103434093954406,-0.27319999041182635,1.5560999778513895,-0.1323593401018921,1,Platinum
0.6182632547830391,1.2607604917408657,-0.16883830573657674,1.0500803257999938,2,Silver
-1.2895505767458104,-0.2663019247007843,0.3839644077160016,-1.166994047766042,0,Gold
1.2761300932412631,1.607497682796986,1.3236353042851159,0.902275367562258,2,Silver
-1.4211239444374553,-0.6837973089458822,1.7500414792322252,1.1239828049188616,0,Gold
-0.17117695136682967,0.5067967992242536,0.30931232757086474,-0.7974816521717029,1,Platinum
0.09196978401645993,1.4141588725644392,-0.21723051447710984,-1.5365064433603814,1,Platinum
1.078770041703796,-1.4985964746676912,1.6852003194155203,-0.3540667774584957,0,Gold
-0.6316837382875864,0.4552873084058307,-0.28153747895100356,0.2371530554924472,1,Platinum
0.6840499386288615,1.092496661514442,-0.02915405141209943,-0.7974816521717029,0,Gold
-0.43432368675011923,-1.0903331626049022,-0.6256952856769602,1.419592721394333,2,Silver
-1.5526973121291,-1.391798970513778,1.6707905253271675,0.6805679302056544,0,Gold
0.6840499386288615,0.32746349589446533,1.0779237438799298,-0.8713841312905707,2,Silver
-0.03960358367518487,1.1309911301052382,1.1659797334496562,0.4588604928490508,0,Gold
-0.7632571059792312,0.9892435102387209,1.6934428785789482,0.6066654510867865,1,Platinum
1.6050635124703752,-0.6223414225189301,0.4197079848920962,1.0500803257999938,0,Gold
1.4077034609329078,0.8328372065386382,0.5073567335499841,0.2371530554924472,0,Gold
-1.223763892899988,-0.559763017863869,-1.3900686460825538,0.015445618135843619,0,Gold
-0.894830473670876,-0.165387533663504,1.227411110136075,0.5327629719679187,1,Platinum
1.4077034609329078,0.5795553962822352,1.6364664059091252,-1.166994047766042,0,Gold
-1.5526973121291,0.1895835083767458,-0.7179009136823202,0.2371530554924472,1,Platinum
-1.6842706798207447,1.1823582409362465,-0.4384985297996422,0.4588604928490508,0,Gold
-1.1579772090541656,1.2272505577569326,1.4418407957371542,-0.5757742148150993,2,Silver
0.2893298355539271,0.764828671512501,-0.19217923527017883,-0.1323593401018921,0,Gold
0.9471966740121511,0.39231667135336173,1.2121088279518935,-0.8713841312905707,2,Silver
-0.03960358367518487,-1.2218203818988296,0.4879473123633034,-1.0930915686471743,1,Platinum
-0.6316837382875864,-1.2664876404677234,-0.01093445896221023,-0.6496766939339671,1,Platinum
0.4866898870913943,0.1069773894068961,-1.364810463785243,-1.3887014851226458,0,Gold
-1.1579772090541656,0.49169324201266357,1.0555877278164636,1.7152026378698044,1,Platinum
1.6050635124703752,-0.7699893063483547,0.624626577061392,-1.0191890895283064,0,Gold
-0.894830473670876,1.6838456304018499,-1.6820464335301648,-1.6104089224792493,1,Platinum
-1.4211239444374553,0.07688897934638217,1.1359445604811609,0.2371530554924472,2,Silver
0.9471966740121511,0.00923595153595623,1.360577256701923,1.1978852840377294,1,Platinum
-0.894830473670876,-0.08436087713996497,-1.3594620616314455,-0.723579173052835,2,Silver
-1.6842706798207447,0.7014470666272917,1.5158882884253664,-0.8713841312905707,0,Gold
-0.10539026752100726,-0.4319697319946497,1.359310897907293,1.2717877631565973,0,Gold
1.3419167770870855,-0.040015779508224276,0.546158327524523,1.493495200513201,0,Gold
-1.4869106282832776,0.4688989051110023,0.8667453037614011,-0.5757742148150993,2,Silver
0.6182632547830391,-0.6059976680388965,0.8448502484525163,-1.314799006003778,0,Gold
1.6708501963161975,0.8757269756345359,0.19858316235798665,0.2371530554924472,0,Gold
-1.0921905252083433,1.0893399736887261,1.6503261159269227,0.9761778466811258,2,Silver
0.09196978401645993,1.5497900019699773,-1.0687591794823854,-0.8713841312905707,1,Platinum
-1.3553372605916327,-0.5609900723642434,0.35719633011005575,-0.5757742148150993,0,Gold
0.026183100170637526,-0.7911646359855969,-0.24220223350208486,-0.723579173052835,1,Platinum
-0.9606171575166984,-1.4440318728427242,-0.7414009635798344,0.8283728884433901,1,Platinum
1.6708501963161975,-1.7524949697010073,-1.1148081310864904,0.2371530554924472,0,Gold
1.4077034609329078,0.9217391774691611,-1.306371606599037,-0.723579173052835,0,Gold
-1.5526973121291,1.2054639961933593,-1.3750726006729617,1.5673976796320688,2,Silver
1.2761300932412631,0.8959912131690067,-1.6315801825267167,-1.0191890895283064,2,Silver
0.4209032032455719,-0.13981757930178806,0.5851196634268954,0.4588604928490508,0,Gold
-1.0921905252083433,1.1296091354188869,1.0533022372769927,-1.5365064433603814,1,Platinum
0.2893298355539271,1.0298482786102474,-1.4503741374206085,0.7544704093245223,2,Silver
-0.7632571059792312,1.1878332291593314,-0.37014871934138277,0.6805679302056544,2,Silver
-1.2895505767458104,-0.4832897013011834,1.2066246529289866,0.16325057637357934,0,Gold
0.6182632547830391,0.40943575593834725,-0.3640995038660588,-1.0930915686471743,0,Gold
-0.8290437898250537,1.3738908060649508,-1.3519285126637595,0.38495801373018296,0,Gold
1.4077034609329078,1.3754847395378056,0.6230722787801126,1.493495200513201,0,Gold
-0.8290437898250537,1.2591538349499867,0.03582773724185188,-0.3540667774584957,2,Silver
-1.5526973121291,-0.6908816570823567,-0.7546594270467855,0.3110555346113151,2,Silver
1.4734901447787303,1.507697187959117,1.7498606818265496,0.3110555346113151,2,Silver
1.2761300932412631,0.07434583042224359,-0.0840695735091046,-0.1323593401018921,1,Platinum
1.5392768286245526,0.5435603605998018,0.08453636086618957,-0.2801642983396278,2,Silver
-1.5526973121291,0.6113796304446328,0.5670820726627797,1.7152026378698044,2,Silver
-0.30275031905847444,1.3363260718011376,-0.7074133044820661,1.345690242275465,0,Gold
-0.5001103705959417,-0.12009531783070328,-1.118463742747742,-1.0930915686471743,2,Silver
0.5524765709372167,0.8311643698518087,-1.0996403786435751,1.1978852840377294,2,Silver
-0.9606171575166984,1.4783222624247336,0.08519459705909133,-0.9452866104094386,2,Silver
-1.4211239444374553,-1.7453553706725262,-1.3545895055073256,0.38495801373018296,0,Gold
-1.0921905252083433,-1.2168811711995804,0.745895523996188,0.6066654510867865,2,Silver
0.9471966740121511,-0.03581848272702813,0.5745784831861542,-0.5018717356962314,2,Silver
0.4209032032455719,1.2754671326962148,1.6183315015435447,-0.7974816521717029,1,Platinum
-0.894830473670876,-0.20341967509385758,-0.75064913547281,-0.20626181922075998,1,Platinum
0.5524765709372167,0.06592837683241208,0.23092495903928495,-0.2801642983396278,1,Platinum
1.6050635124703752,1.5523070750830004,1.5692216972556037,-1.7582138807169851,1,Platinum
0.35511651939974953,-1.5069222085144025,-0.401269997567264,1.345690242275465,0,Gold
-1.0264038413625207,1.678666051524175,0.4354765954084067,-0.723579173052835,1,Platinum
1.4077034609329078,-1.3459728879851234,-0.8831750323517356,0.8283728884433901,2,Silver
0.7498366224746839,1.6374322479021952,0.7783249223426771,1.6413001587509366,1,Platinum
-0.17117695136682967,-0.36868371511408443,-1.318099935082158,-0.20626181922075998,0,Gold
0.5524765709372167,0.7164533347312786,0.4510138287549271,0.5327629719679187,1,Platinum
-0.5001103705959417,-1.6725601882495298,0.07108311480532864,1.5673976796320688,1,Platinum
-1.3553372605916327,-0.37219542079712614,-0.8771397632169009,0.6066654510867865,0,Gold
0.8814099901663287,-0.7348978359706675,1.495402124287868,1.1978852840377294,0,Gold
1.2103434093954406,0.6853989079149102,1.1170636240187621,1.0500803257999938,0,Gold
1.1445567255496183,1.1872351400010692,-1.10442766396721,-0.1323593401018921,0,Gold
1.0129833578579734,1.5014987649227287,0.46358655182544867,1.345690242275465,0,Gold
0.5524765709372167,1.0161839011077771,-0.45207018378755487,-1.6843114015981173,0,Gold
-1.4869106282832776,0.27997900109996476,-1.5119241551205498,-1.6843114015981173,2,Silver
0.4209032032455719,0.41989970629654544,0.5360902351235574,0.9761778466811258,1,Platinum
-0.894830473670876,-0.5742507758041959,-0.24825339136466362,0.3110555346113151,1,Platinum
0.6182632547830391,1.424309027683599,1.4575712189200356,1.5673976796320688,0,Gold
1.078770041703796,1.1680554604656572,-1.604165173421692,-1.6104089224792493,0,Gold
-0.5001103705959417,-0.12435371450175227,-0.20345817303803274,1.0500803257999938,2,Silver
1.078770041703796,-1.0169580438894694,-0.8175968142673298,-1.314799006003778,2,Silver
-0.9606171575166984,0.4491903922802734,-1.4093355737402233,0.8283728884433901,0,Gold
-1.0264038413625207,0.5053901501963826,-0.5787966950398671,0.3110555346113151,2,Silver
-1.3553372605916327,0.8731044574408173,1.5792671414211785,0.902275367562258,2,Silver
-0.9606171575166984,0.07800574178776593,-0.7682541177475398,0.8283728884433901,0,Gold
0.026183100170637526,-0.6959191822115408,0.8531596257375089,-0.1323593401018921,0,Gold
0.9471966740121511,-1.241320824204579,1.1379895834784894,1.493495200513201,0,Gold
-0.10539026752100726,0.5469140501298717,-0.270648727934891,-0.6496766939339671,0,Gold
1.0129833578579734,-1.457033962027304,0.8184512244249798,1.7152026378698044,1,Platinum
-1.5526973121291,-0.25163583058309497,-1.3456974508936426,0.4588604928490508,1,Platinum
-1.5526973121291,-0.6548799335019875,-1.3133615202218536,0.6805679302056544,0,Gold
-0.43432368675011923,0.25575825441276845,-0.8926304569647967,-1.7582138807169851,2,Silver
0.09196978401645993,-0.6204523826368089,1.3774485993105205,-0.5018717356962314,0,Gold
-0.23696363521265207,-1.660811509009803,0.5579980713405785,1.1239828049188616,1,Platinum
1.4077034609329078,-0.6267602588320984,0.23458433893181088,1.345690242275465,2,Silver
-1.5526973121291,-0.04414703621015154,-1.1848546168118048,-0.723579173052835,1,Platinum
1.0129833578579734,-0.5504484072338639,1.5835527469646473,1.7152026378698044,0,Gold
-0.17117695136682967,0.684826381906598,-0.4731349850882541,-0.5757742148150993,1,Platinum
1.078770041703796,-0.12789133287644786,-0.9582944120226288,1.419592721394333,1,Platinum
0.8814099901663287,1.1183668721998627,-1.0020402750587343,-1.0930915686471743,1,Platinum
-1.3553372605916327,-1.4190651575537088,-0.1057042712303579,-0.3540667774584957,2,Silver
-0.43432368675011923,0.07080289901364777,-0.9108682690071358,-1.3887014851226458,1,Platinum
-1.0264038413625207,-0.7888508563275993,-1.4770444352521486,-1.2408965268849101,2,Silver
0.35511651939974953,0.2118186717631862,1.2120173026644478,1.493495200513201,0,Gold
0.026183100170637526,-0.6248539049842409,-1.4463836193488868,0.6805679302056544,0,Gold
-0.36853700290429686,1.5117065711202622,-1.4835267253897995,0.5327629719679187,1,Platinum
1.1445567255496183,-1.5043946491502607,-0.046750137553202446,1.2717877631565973,2,Silver
1.4077034609329078,-1.1038017967531526,-0.09314463984993364,-1.5365064433603814,0,Gold
1.5392768286245526,-0.5255560278138914,1.5683142527779128,1.419592721394333,2,Silver
-0.894830473670876,1.2594221198591689,-0.3626317583608526,1.0500803257999938,2,Silver
-0.30275031905847444,-0.5553850779300643,-1.3558064111224488,-0.3540667774584957,1,Platinum
0.5524765709372167,-1.6385839423297288,1.5121567682701977,-0.058456860983024245,1,Platinum
1.3419167770870855,-1.2339901656807115,-0.26059302796461087,-0.058456860983024245,2,Silver
-0.30275031905847444,-1.1720155127595167,-0.46599321562985824,0.08934809725471148,2,Silver
0.09196978401645993,-1.0984044067883478,0.3887130783810113,0.015445618135843619,1,Platinum
-0.36853700290429686,0.791327661117792,-0.6927331689355923,0.8283728884433901,2,Silver
1.2761300932412631,-0.9498037887878195,1.7363629939452991,-1.314799006003778,1,Platinum
-0.5658970544417641,0.22556854716644584,-0.9499412144811682,-1.0930915686471743,2,Silver
0.2893298355539271,-1.7509278577282366,1.3042791045092164,1.6413001587509366,1,Platinum
1.2761300932412631,-1.4735762095896285,0.17704935223074691,-0.9452866104094386,2,Silver
0.6840499386288615,1.0335035760252773,0.7573322613046206,-1.7582138807169851,1,Platinum
-0.36853700290429686,-0.679926554024529,0.025772231510297252,0.015445618135843619,2,Silver
-0.8290437898250537,0.6618552934166324,0.7395813280515661,-0.6496766939339671,0,Gold
-0.10539026752100726,-1.356314032691329,0.4177309454486852,-1.4626039642415136,0,Gold
0.026183100170637526,-1.2362014597111068,-1.1352685780167355,-0.42796925657736357,2,Silver
0.8814099901663287,0.14198352500325565,0.6502540848713277,-1.5365064433603814,0,Gold
-0.23696363521265207,0.18136352254687352,-1.1732158712288745,-1.3887014851226458,2,Silver
0.2893298355539271,-1.7602142719941218,-0.01376879044439342,0.08934809725471148,2,Silver
1.3419167770870855,-1.1936324300827663,-0.09715182360430148,1.0500803257999938,0,Gold
0.1577564678622823,1.2781542928023863,-1.4284404674530986,1.0500803257999938,2,Silver
1.3419167770870855,1.4928924656016356,1.1403844304204047,-1.166994047766042,1,Platinum
0.2235431517081047,-0.2906807108437327,0.4510980118185495,1.493495200513201,2,Silver
1.6050635124703752,-0.00024187176701956814,-1.1221409537552667,-0.7974816521717029,2,Silver
-0.03960358367518487,0.0028892995143070164,-1.0315014337456954,1.7152026378698044,0,Gold
-0.43432368675011923,-0.4571752308730328,-0.05697097928788443,-1.166994047766042,1,Platinum
0.7498366224746839,-0.8434139667746293,-0.6793594830566874,-0.723579173052835,2,Silver
-0.5001103705959417,-0.06860582079774714,-0.5170298680745468,0.902275367562258,2,Silver
0.026183100170637526,-1.628470116245001,1.3672946922406384,-0.3540667774584957,2,Silver
-0.10539026752100726,1.71584910955004,-0.36972356961905534,-1.2408965268849101,2,Silver
0.8814099901663287,-0.20141915471095226,0.3995834932614387,0.5327629719679187,2,Silver
0.7498366224746839,1.483235816762912,-1.6371479578970696,1.6413001587509366,2,Silver
1.6708501963161975,-0.5385298740287912,-0.018416690058624854,-0.2801642983396278,1,Platinum
-0.23696363521265207,1.5751665199527198,0.30799329123388497,1.1978852840377294,1,Platinum
0.1577564678622823,-0.6556082618991464,1.5583364036888046,-0.42796925657736357,2,Silver
-0.7632571059792312,-1.4370966858027212,-0.8132984666634696,0.3110555346113151,2,Silver
-1.5526973121291,-0.05385126932617476,1.234525802716139,0.4588604928490508,0,Gold
-1.0921905252083433,-0.48005087117503603,-0.6025811104314818,-1.3887014851226458,1,Platinum
-0.7632571059792312,0.3258728481136278,0.8516038123941707,-1.5365064433603814,1,Platinum
-0.6974704221334088,-0.5051006841784738,0.36925999232884305,1.345690242275465,2,Silver
-0.6316837382875864,-0.7315682182126106,0.358856488496721,0.3110555346113151,1,Platinum
-0.5001103705959417,1.5944182050791484,-0.977216604790319,1.2717877631565973,1,Platinum
-1.0264038413625207,-1.1451359887525105,0.7722374806861789,-1.6104089224792493,0,Gold
1.4077034609329078,1.344079139822855,-0.6350613216285561,-1.7582138807169851,0,Gold
-1.4211239444374553,0.48480260988852575,-0.5217519280341659,1.419592721394333,1,Platinum
-1.4211239444374553,0.4737126536413088,0.09257551323629634,-0.723579173052835,1,Platinum
-0.8290437898250537,0.4833263088504449,-1.282175987825584,1.6413001587509366,1,Platinum
1.5392768286245526,0.29927910940378244,1.2548278673896291,-0.2801642983396278,2,Silver
-0.03960358367518487,-0.8478919455441083,0.004013259852482772,1.5673976796320688,0,Gold
-1.223763892899988,0.48124017405284875,1.4158914343591005,0.4588604928490508,2,Silver
-1.4211239444374553,-1.7448093632281547,-1.0827945590035057,-1.314799006003778,0,Gold
-1.2895505767458104,1.1970867398994836,-1.1492674018097206,-0.5757742148150993,0,Gold
-0.6974704221334088,0.273474798980949,0.2105229391176637,-0.42796925657736357,0,Gold
-0.8290437898250537,-1.6546414454569962,-0.49590450313924334,1.0500803257999938,1,Platinum
0.6840499386288615,-1.3117538270949691,1.7430603840475452,-1.6104089224792493,0,Gold
0.9471966740121511,1.444213307171328,0.632307436678481,0.38495801373018296,2,Silver
-1.4869106282832776,-1.5858066404482494,1.417205925509904,0.7544704093245223,0,Gold
0.6182632547830391,0.11892733475976507,-1.6644128981627895,0.3110555346113151,2,Silver
1.4077034609329078,-0.47347867154320916,0.008456043372608846,-0.7974816521717029,0,Gold
-0.6316837382875864,-0.8200032247294182,-1.5572782759558725,0.7544704093245223,0,Gold
1.3419167770870855,-0.4714262325658751,0.5464506568063682,0.2371530554924472,1,Platinum
0.6182632547830391,-0.6611290866910111,-1.5757827389205488,0.38495801373018296,2,Silver
-1.3553372605916327,-0.1672933282446352,0.0701212446367588,0.08934809725471148,0,Gold
-0.6974704221334088,0.24790416883860536,0.3401197937118628,-1.314799006003778,0,Gold
0.1577564678622823,1.449787169091074,0.24912396218427343,1.0500803257999938,2,Silver
0.6182632547830391,-1.4482500256122568,-0.7414142883564022,0.4588604928490508,0,Gold
0.7498366224746839,-0.3603047344144692,0.09762148569452354,-1.4626039642415136,1,Platinum
0.6840499386288615,-1.0731152742315964,0.5338145730635956,0.7544704093245223,2,Silver
1.4077034609329078,1.0885682555147151,-0.14543133503631195,1.6413001587509366,1,Platinum
1.4077034609329078,-0.7474615299501363,0.08164103842420611,-0.7974816521717029,2,Silver
-1.0921905252083433,1.0849537612679276,-1.4575683513348836,0.8283728884433901,2,Silver
0.9471966740121511,1.6638559695272328,0.34319125183011023,0.16325057637357934,2,Silver
0.6182632547830391,1.1429337816878846,-0.8838919286397319,-0.058456860983024245,0,Gold
0.1577564678622823,-0.9464536179775694,0.28943723846372177,1.1239828049188616,2,Silver
-0.8290437898250537,-0.5621900490339508,0.6829539800669183,0.3110555346113151,2,Silver
-1.4869106282832776,1.662608874635831,1.0620171850207845,1.493495200513201,2,Silver
1.1445567255496183,0.9476244883561932,-0.6342819970141911,-0.20626181922075998,1,Platinum
1.0129833578579734,-0.2843636533530191,-1.0069624786010865,-1.2408965268849101,2,Silver
0.6182632547830391,1.141512894661272,-1.589442693833064,-0.723579173052835,0,Gold
1.5392768286245526,0.011637745795011888,-0.2528629871022307,-1.4626039642415136,2,Silver
1.2103434093954406,-0.08006137436452984,-0.478484436131169,-1.5365064433603814,2,Silver
-0.894830473670876,1.1230991775131458,1.210057317381134,-1.0191890895283064,1,Platinum
1.2761300932412631,-0.29049361282099107,-1.1343812955187493,-0.5018717356962314,0,Gold
-0.5658970544417641,0.257139643226833,1.7447246602951907,1.2717877631565973,0,Gold
0.4209032032455719,-1.2350967448071197,-1.3430224728618418,0.38495801373018296,0,Gold
-0.36853700290429686,-1.3049647251844425,-1.1437343951712284,-0.723579173052835,2,Silver
-0.6974704221334088,-1.4859627558335284,-1.1613666097152704,-1.3887014851226458,2,Silver
-0.7632571059792312,0.2428614937949829,-0.3501924384469898,-0.6496766939339671,0,Gold
-1.4211239444374553,1.6578895489711551,-1.0563291441796006,1.6413001587509366,0,Gold
-1.3553372605916327,0.42037529273895846,1.7575576632578533,1.1239828049188616,1,Platinum
0.7498366224746839,1.4619641301292772,0.32080077122801987,-1.166994047766042,0,Gold
-1.5526973121291,0.2932813932138101,0.3686944857034848,1.345690242275465,2,Silver
1.4077034609329078,0.09698082291245791,-0.637507097964292,0.6805679302056544,2,Silver
-0.9606171575166984,0.23145783551984866,1.4390748362863395,0.16325057637357934,2,Silver
0.6182632547830391,-1.748290961719095,1.3308773397736038,-0.8713841312905707,1,Platinum
0.4209032032455719,0.1548387134610498,0.3317738995464803,0.8283728884433901,0,Gold
0.6182632547830391,-0.19108178505514944,-0.6423996606771363,0.16325057637357934,2,Silver
0.4209032032455719,-0.6112636070202309,0.558939507595228,-1.166994047766042,1,Platinum
0.2893298355539271,-0.3589700210692739,-0.5440547292755752,-1.4626039642415136,1,Platinum
-0.36853700290429686,1.412219568585288,-0.7316026687685585,-0.20626181922075998,2,Silver
0.026183100170637526,-1.6750791022821934,1.5910600737043936,0.4588604928490508,1,Platinum
0.026183100170637526,0.7774055082600387,-1.169968665911814,-1.6104089224792493,1,Platinum
-1.223763892899988,-1.0537995530650015,0.9003425430209576,0.38495801373018296,2,Silver
0.6840499386288615,0.006643773562141676,-0.596011645953836,-0.2801642983396278,1,Platinum
0.35511651939974953,0.006293439563648988,0.4263396057618951,0.7544704093245223,2,Silver
-0.03960358367518487,-0.7812147915655885,1.1831279050898056,-1.3887014851226458,2,Silver
-1.6184839959749224,0.5031212749959542,-0.5681087091704091,0.2371530554924472,1,Platinum
-0.9606171575166984,-0.563996200926672,0.2391363623111461,0.5327629719679187,2,Silver
-0.30275031905847444,1.1096986340888275,1.4431920757025634,1.2717877631565973,2,Silver
-0.6316837382875864,1.059950414008337,-1.1904244122649028,0.902275367562258,0,Gold
-1.2895505767458104,1.7182546555567182,1.123847799983552,0.015445618135843619,2,Silver
1.078770041703796,-0.5652824910944781,0.4149107156979717,0.5327629719679187,0,Gold
-1.4869106282832776,0.7260570163504615,1.3608846977566105,0.7544704093245223,0,Gold
0.6840499386288615,-0.5765718492324162,-1.6953477460599564,-0.20626181922075998,0,Gold
0.7498366224746839,1.0846611249533693,-1.1068806659835337,-0.058456860983024245,0,Gold
0.35511651939974953,-0.7562185516539783,-0.5538938530669467,1.0500803257999938,1,Platinum
-1.0264038413625207,-1.7466362778980913,-1.2428476961230375,0.38495801373018296,1,Platinum
-1.6842706798207447,0.7517465605804936,1.3394888748199507,0.5327629719679187,2,Silver
-0.10539026752100726,-0.8987060813994461,1.4696025598149032,0.4588604928490508,2,Silver
1.0129833578579734,0.9096935975060877,0.6808356513745942,-0.1323593401018921,2,Silver
1.6708501963161975,-1.347393961433978,0.23698396414637304,1.1239828049188616,1,Platinum
-0.17117695136682967,-0.9529556296352404,-0.5603397817151882,0.6066654510867865,0,Gold
1.078770041703796,0.30180541041779,-0.2810768223896586,0.015445618135843619,1,Platinum
-0.6316837382875864,-0.23906577494461415,0.10284942099077907,0.8283728884433901,1,Platinum
-1.223763892899988,0.5458879122009356,0.7851296487646224,-0.058456860983024245,2,Silver
1.2103434093954406,-0.24135760338360282,1.405073697021023,0.4588604928490508,2,Silver
0.026183100170637526,1.1159745388695945,-0.7959885330127415,1.0500803257999938,2,Silver
1.6708501963161975,-1.5318102303144656,-1.0308786266963208,1.5673976796320688,0,Gold
-0.5658970544417641,-1.5537918128460704,-0.8750076824228129,-0.8713841312905707,0,Gold
0.026183100170637526,-1.4114713640350973,-0.33902083699883534,-1.0930915686471743,1,Platinum
-0.30275031905847444,0.7183692194162641,0.15812972341423298,-0.1323593401018921,0,Gold
-0.6974704221334088,0.13761052525886708,-0.7644700365932567,-0.5018717356962314,2,Silver
-1.6184839959749224,-1.1786988433504237,0.7774310357280247,0.5327629719679187,0,Gold
-1.4211239444374553,-1.301794125598909,0.395435913756295,0.6066654510867865,0,Gold
-0.5658970544417641,-0.7092175662471807,0.8029521007163982,0.8283728884433901,0,Gold
-1.5526973121291,0.6573667118821331,-1.066135402778621,0.2371530554924472,0,Gold
0.026183100170637526,0.6828901072888812,0.8331832217111563,-0.6496766939339671,2,Silver
-0.6316837382875864,-1.3687064512358555,0.6548277075969362,-0.6496766939339671,2,Silver
-0.6974704221334088,0.6461974329708968,-0.9907428846119599,-0.5018717356962314,1,Platinum
-1.3553372605916327,0.5455066787158125,0.38970979497693203,-1.2408965268849101,1,Platinum
1.6050635124703752,-0.25248796665179796,1.449467967770521,1.2717877631565973,1,Platinum
-1.2895505767458104,-0.9658931235129279,0.8626043283729237,-0.6496766939339671,0,Gold
1.5392768286245526,-1.3036575790282998,1.286455992145774,-1.0191890895283064,0,Gold
-0.8290437898250537,-0.18926465755292377,-1.3474003806476582,-1.3887014851226458,2,Silver
0.7498366224746839,-0.8446676563528458,-1.5244555053425444,-1.7582138807169851,1,Platinum
0.8814099901663287,1.615803632583253,0.33726969004517077,-0.9452866104094386,2,Silver
-0.7632571059792312,0.8260886281629913,-0.03821656993126255,0.9761778466811258,1,Platinum
1.3419167770870855,0.3495659266445206,0.32803690185925316,0.2371530554924472,1,Platinum
1.3419167770870855,1.312772343896225,-1.6939317845989628,1.493495200513201,1,Platinum
1.4077034609329078,1.3824512222117036,-0.35118189051457754,-0.5757742148150993,0,Gold
0.4209032032455719,-0.07513640166402206,0.44401086228975833,-1.7582138807169851,1,Platinum
1.078770041703796,1.4396035744822349,1.1105724765952294,0.5327629719679187,1,Platinum
0.026183100170637526,-0.0770504221265865,0.6236077172507668,-1.2408965268849101,0,Gold
0.1577564678622823,1.1003523782832236,0.7132370793446144,1.1239828049188616,1,Platinum
0.6840499386288615,-1.7099448852330215,0.17238684586435948,1.345690242275465,0,Gold
-1.4211239444374553,-1.0392879097749037,-0.7211187112563432,1.5673976796320688,0,Gold
0.1577564678622823,0.7577471197096582,1.5968010323223831,-0.058456860983024245,2,Silver
0.35511651939974953,1.6110559707377758,-1.5908563244293519,-1.0930915686471743,0,Gold
-1.3553372605916327,1.6846622064278696,0.8617347992944463,1.6413001587509366,0,Gold
-1.6184839959749224,-0.2269523605881915,0.7158983829701414,1.0500803257999938,0,Gold
-1.3553372605916327,1.0271251157085675,-1.6346687725005513,1.0500803257999938,1,Platinum
1.2761300932412631,-0.9863802055350654,-0.9611752831034366,-1.0930915686471743,2,Silver
1.078770041703796,0.8946644227691012,0.05030147471863209,0.8283728884433901,1,Platinum
-1.4869106282832776,-0.2182288948879299,0.7102340709532257,0.015445618135843619,0,Gold
0.1577564678622823,1.5649897530584982,0.28167522590712785,-1.0930915686471743,0,Gold
-0.10539026752100726,0.11025690618738489,1.664704521037238,-0.42796925657736357,2,Silver
-1.1579772090541656,1.457847693995598,-1.2246771295274592,1.5673976796320688,2,Silver
-1.5526973121291,1.6930656317439818,-0.8138357698258883,1.493495200513201,0,Gold
-0.03960358367518487,1.5327671811702634,0.1612200615365969,-0.723579173052835,0,Gold
1.4077034609329078,0.7582745315353789,-0.4657995984683012,-0.6496766939339671,1,Platinum
1.078770041703796,0.611054766384969,-0.7974477320140267,-1.6843114015981173,0,Gold
0.026183100170637526,-0.21497790071048456,0.2282144353207218,0.3110555346113151,1,Platinum
0.6182632547830391,1.0932303262482816,0.4931651083980889,-1.5365064433603814,2,Silver
0.35511651939974953,-0.6484976515293143,-0.4012709687608914,0.3110555346113151,1,Platinum
-1.6842706798207447,-0.5782435673857931,-1.0898088690102423,0.4588604928490508,0,Gold
-0.6974704221334088,-1.057048356781102,0.4391126666538752,-0.5757742148150993,1,Platinum
1.6050635124703752,-0.9375420289322346,-0.664295531788668,-1.0930915686471743,1,Platinum
1.4077034609329078,0.7316740583220371,0.829240408670412,0.16325057637357934,2,Silver
-1.0264038413625207,-0.4803023547796478,0.04225478588597676,1.1978852840377294,1,Platinum
-0.03960358367518487,1.7191015951054223,0.8949125217547141,-0.723579173052835,0,Gold
0.8814099901663287,-0.07566751863180478,-0.9410607753432687,1.419592721394333,1,Platinum
-1.6842706798207447,0.6566152671269521,1.3421549567181243,0.4588604928490508,1,Platinum
-0.03960358367518487,-1.767515685528758,-1.4897177351347228,-0.2801642983396278,1,Platinum
0.09196978401645993,1.4075314919489468,-0.3289523172726736,1.1978852840377294,0,Gold
-1.1579772090541656,-1.5123899262700449,0.783950775091948,1.5673976796320688,1,Platinum
1.1445567255496183,1.4042583368274701,1.5330013805516944,1.493495200513201,0,Gold
-0.30275031905847444,0.29456253346717787,-0.6505251715845908,0.08934809725471148,1,Platinum
-1.223763892899988,-1.3408671556181058,0.7664120282226062,0.9761778466811258,2,Silver
1.4734901447787303,-0.7159666572839933,-1.4703590879508823,0.8283728884433901,2,Silver
1.0129833578579734,0.28336540773352564,1.3737729033650543,-0.5757742148150993,2,Silver
0.026183100170637526,-0.20146934889964146,-0.18296866799445594,-1.6104089224792493,0,Gold
0.8156233063205063,0.0845213622691112,-0.9264201091058122,-0.7974816521717029,0,Gold
-0.5001103705959417,1.3362968035091258,-1.2925430136250613,-0.8713841312905707,0,Gold
-0.10539026752100726,-0.24686530871017862,1.582535518759316,1.1978852840377294,1,Platinum
0.7498366224746839,-0.7217434398142805,1.054432706659278,0.16325057637357934,0,Gold
-0.36853700290429686,-0.9061221679157624,-0.024508599205809025,-1.7582138807169851,0,Gold
-0.17117695136682967,0.2814169923672912,1.6026940021669323,-0.5757742148150993,0,Gold
-0.17117695136682967,0.7156541425793359,1.0265186594207536,1.7152026378698044,0,Gold
-0.5001103705959417,1.6617428268073102,-1.0766982600611257,0.6805679302056544,2,Silver
1.5392768286245526,-0.2118907017755166,-0.11258789742259269,-0.7974816521717029,1,Platinum
1.3419167770870855,0.328737924947117,1.169278295485733,-0.5757742148150993,2,Silver
-1.6184839959749224,-0.4416666946432305,-0.619656559092812,-1.6104089224792493,1,Platinum
-0.8290437898250537,-1.506470903569025,0.6852228826192335,0.6805679302056544,1,Platinum
0.35511651939974953,0.514608240710533,-1.5114066643081296,1.1239828049188616,2,Silver
1.0129833578579734,-0.32117412322523925,-1.2287353592188828,0.015445618135843619,0,Gold
0.35511651939974953,-1.7477385227073705,-0.531159841854975,-1.6843114015981173,2,Silver
0.09196978401645993,-0.2797834452865208,0.8667179937965989,0.6805679302056544,1,Platinum
1.4077034609329078,0.6417508197436534,0.9034462447676345,0.08934809725471148,1,Platinum
0.8156233063205063,-1.3027590937296514,0.681437053316421,0.4588604928490508,0,Gold
0.8814099901663287,-1.4992576677549088,-0.20670549489832843,-1.166994047766042,2,Silver
1.0129833578579734,1.418910985240947,-0.8337433356479313,0.38495801373018296,1,Platinum
1.3419167770870855,1.4135292547444795,-1.3005612270605613,-0.3540667774584957,2,Silver
0.8814099901663287,0.4916367327705228,0.3016617691949504,-0.2801642983396278,0,Gold
-0.894830473670876,-0.903204869551701,1.022574447861186,0.3110555346113151,0,Gold
-0.9606171575166984,1.2149289796644094,-1.2738224406544176,0.015445618135843619,1,Platinum
-1.223763892899988,0.14288667085795706,0.05438996680348527,0.9761778466811258,0,Gold
-0.7632571059792312,1.625937405847887,1.4191952408407653,1.419592721394333,1,Platinum
-0.03960358367518487,-0.4493510194631685,-1.7146708475570345,0.015445618135843619,1,Platinum
-0.9606171575166984,0.16017759014461114,-0.2458352357756908,-1.166994047766042,0,Gold
1.078770041703796,1.4914596708543082,1.2687292998856592,1.0500803257999938,0,Gold
1.6050635124703752,-0.13026730765497072,-0.9742468889164773,1.419592721394333,2,Silver
1.2761300932412631,-0.3989819667108779,1.6888309908244206,0.08934809725471148,2,Silver
0.026183100170637526,1.2547359074452487,1.0814456416025622,0.902275367562258,1,Platinum
-0.5658970544417641,-1.0031123707565435,-0.5785534693078228,-0.6496766939339671,2,Silver
1.2103434093954406,0.872766683640887,-1.2503406103493535,0.902275367562258,1,Platinum
0.6182632547830391,-1.1568243836996936,-0.8658299026439509,-0.9452866104094386,0,Gold
1.4734901447787303,0.37401056644449576,-0.25513868800993755,-0.058456860983024245,0,Gold
1.6050635124703752,0.018462570867683447,-1.1020642060033319,0.08934809725471148,2,Silver
0.026183100170637526,-0.2121913542464859,1.44704449004047,-0.3540667774584957,1,Platinum
-1.1579772090541656,-0.10139767960783742,0.47317755506889386,-1.166994047766042,1,Platinum
0.8156233063205063,0.11296044814808227,1.39036353216759,-0.1323593401018921,2,Silver
-1.6842706798207447,1.5984198983228064,-1.3204457561697627,1.0500803257999938,1,Platinum
-1.2895505767458104,-1.7081408072877438,-0.6289818049120575,0.3110555346113151,1,Platinum
-0.03960358367518487,1.193632126028089,-0.7635369137560577,0.4588604928490508,0,Gold
-1.2895505767458104,1.4394422027289049,0.243809202177729,-0.42796925657736357,1,Platinum
1.6708501963161975,-0.9710197351710621,-0.24005473015319387,-0.3540667774584957,1,Platinum
-1.2895505767458104,0.24542911063839892,-1.096789886499432,-0.1323593401018921,1,Platinum
-1.223763892899988,0.6660410087160372,1.638386494558226,1.345690242275465,2,Silver
-0.6974704221334088,0.12108948322658321,-1.004485934851235,0.16325057637357934,2,Silver
-1.5526973121291,0.3515565433458136,-0.4280383082596804,0.38495801373018296,2,Silver
1.2103434093954406,-0.27630194000670155,1.7669565644018004,-0.2801642983396278,1,Platinum
-1.0921905252083433,-0.4542004445500596,-1.4761086319205379,1.419592721394333,1,Platinum
1.5392768286245526,-1.5358436386420633,-0.8064803766172113,0.7544704093245223,2,Silver
-1.2895505767458104,-0.5031360733799556,1.4004198537017918,-1.314799006003778,2,Silver
-0.36853700290429686,-1.5557083733116837,0.20258991878715843,-0.20626181922075998,1,Platinum
0.6840499386288615,1.415561000852939,-1.2792872695002668,-1.0930915686471743,1,Platinum
0.2893298355539271,-1.6049558865526363,0.8997060227175643,-0.1323593401018921,0,Gold
-0.23696363521265207,-1.5537077131120967,-0.871299587457937,-0.723579173052835,2,Silver
0.026183100170637526,-0.8900528269761206,1.6943238677422288,0.38495801373018296,1,Platinum
-0.30275031905847444,1.5334028810158722,-1.2279861027592218,0.6805679302056544,2,Silver
0.8156233063205063,-0.47851803759203415,0.14253359688614745,-0.8713841312905707,2,Silver
0.026183100170637526,-1.725085423956891,1.258480371231273,-1.5365064433603814,2,Silver
1.4734901447787303,-1.6733915149354568,-0.5215028751403573,-0.5018717356962314,0,Gold
-1.4869106282832776,-0.16258430240883617,0.9081421601948042,-0.1323593401018921,1,Platinum
-0.17117695136682967,-0.2633093117509089,-1.4545628178400636,0.6066654510867865,1,Platinum
-0.23696363521265207,0.2908345080749431,-1.4219202619162343,0.6805679302056544,2,Silver
1.4077034609329078,0.4848268913855611,0.16105286084170498,0.6805679302056544,1,Platinum
-0.5001103705959417,1.6384676603376767,0.43315998782511406,0.8283728884433901,0,Gold
1.0129833578579734,-0.42603449055856574,0.829200201254238,0.7544704093245223,2,Silver
-1.5526973121291,-0.6451467816356563,-0.7236528662121718,-0.5757742148150993,0,Gold
0.026183100170637526,-1.7583551761846403,-1.3376494023899088,0.2371530554924472,0,Gold
-1.5526973121291,-1.2289129093111768,-1.1178420234352302,-0.7974816521717029,1,Platinum
0.09196978401645993,0.3971603872590881,0.5395810158023678,0.6805679302056544,1,Platinum
-0.6316837382875864,0.23418661439157223,0.14239685282341052,1.7152026378698044,0,Gold
0.2893298355539271,0.08918075318294735,0.8813193072682733,-1.0191890895283064,1,Platinum
-1.0921905252083433,-0.4040409537006854,1.0324078610340284,-0.8713841312905707,0,Gold
1.4734901447787303,0.557611004987932,-1.3988335131787935,0.6066654510867865,0,Gold
-0.30275031905847444,0.5745970773031692,1.5582392454783203,-1.6843114015981173,2,Silver
0.2235431517081047,1.2265164036647074,1.5856205735883468,0.6805679302056544,0,Gold
1.4734901447787303,-0.5030427923505578,0.4890334953161795,0.3110555346113151,0,Gold
-0.36853700290429686,-0.3721311750319376,0.39799656287427887,0.902275367562258,1,Platinum
0.6182632547830391,1.1383609839055102,1.5340243193755547,-1.5365064433603814,2,Silver
-0.23696363521265207,0.3591130524160022,-1.3588438386159924,-0.9452866104094386,1,Platinum
0.7498366224746839,0.6625231977045662,1.6603868661040653,0.08934809725471148,2,Silver
-0.9606171575166984,-0.8724566179652247,-1.1067576740225606,0.2371530554924472,1,Platinum
-0.10539026752100726,1.6964618954535946,1.1010699296673672,-1.6104089224792493,0,Gold
-0.43432368675011923,0.6803752712427636,1.2555597200594872,-0.3540667774584957,2,Silver
1.4734901447787303,0.0003171153259591852,0.6445075710257896,-1.0930915686471743,2,Silver
1.4734901447787303,0.18850904048154166,-0.7219369613112943,-0.5018717356962314,2,Silver
1.0129833578579734,1.0786858726435717,1.1224658302995172,0.16325057637357934,2,Silver
-1.2895505767458104,-1.3336001136843596,0.8698640784331751,0.4588604928490508,1,Platinum
0.1577564678622823,-1.246373169902011,1.6841069107820563,0.16325057637357934,1,Platinum
1.4077034609329078,0.10350250211667188,0.8309393759544279,1.2717877631565973,2,Silver
0.1577564678622823,0.456752540623286,1.4962280273486026,-1.7582138807169851,2,Silver
-0.894830473670876,-0.9800634509804953,0.07559178410113704,-1.3887014851226458,2,Silver
-1.5526973121291,-0.18544768544842039,-0.11735513730975816,-1.0191890895283064,1,Platinum
-1.6184839959749224,1.3686124700045161,-1.6150861292184888,0.6805679302056544,2,Silver
-0.6974704221334088,1.6395990569250662,-0.18742850567467903,1.0500803257999938,2,Silver
0.2235431517081047,-0.4969204994972928,0.9043414910533651,-0.3540667774584957,2,Silver
0.7498366224746839,-1.5390961475002258,1.4032512327553477,-0.2801642983396278,1,Platinum
-1.3553372605916327,-1.5135971268016342,-1.264954160860733,-0.2801642983396278,0,Gold
1.2103434093954406,0.020107420915415574,-1.0571797544062163,-0.5018717356962314,0,Gold
-1.2895505767458104,1.107455158918887,-1.6495877051361285,-0.2801642983396278,1,Platinum
-1.4211239444374553,1.5280832058232485,1.388940461569244,-0.42796925657736357,0,Gold
-1.2895505767458104,0.9860302898680839,1.504439508315954,-1.5365064433603814,2,Silver
0.4866898870913943,-1.7572467095330306,0.8642390803342963,-0.8713841312905707,2,Silver
0.35511651939974953,-0.7288472923778361,1.7081150114899322,-0.5018717356962314,1,Platinum
1.4734901447787303,0.07774155816791016,-1.1435647470683954,0.3110555346113151,1,Platinum
-0.894830473670876,-1.1719131203430355,-1.309458681510813,0.015445618135843619,0,Gold
0.2235431517081047,0.16122038956143617,0.8959264090539671,-0.8713841312905707,0,Gold
-0.10539026752100726,-1.1450416590980008,-0.14038870348416296,0.16325057637357934,2,Silver
-0.36853700290429686,-0.5931811388935608,0.24118864983680752,-0.42796925657736357,1,Platinum
-0.36853700290429686,-1.3059842917293443,-0.1230023563188317,-1.7582138807169851,0,Gold
0.09196978401645993,-0.5093043659214622,1.204508150080682,0.9761778466811258,0,Gold
1.4077034609329078,-0.9893721893098737,-1.648980281793812,-0.42796925657736357,2,Silver
-0.43432368675011923,0.04215017324521406,-0.4359703573965583,-1.7582138807169851,2,Silver
0.4866898870913943,0.8961318920534619,1.1724251959249563,1.1239828049188616,2,Silver
-1.4211239444374553,0.49939196795080487,0.7427980378887264,-0.5757742148150993,2,Silver
-0.5658970544417641,-0.34408245732795323,-0.8082895549540636,-0.2801642983396278,0,Gold
0.8156233063205063,1.352323244030301,-0.9470138426494809,-0.20626181922075998,1,Platinum
1.078770041703796,0.044047392403207986,1.2672636521586882,-0.723579173052835,1,Platinum
-1.0264038413625207,0.3669157786624629,-0.6366006246802286,1.0500803257999938,2,Silver
-0.6316837382875864,0.5415063370334098,0.27125870808039876,1.7152026378698044,2,Silver
1.4077034609329078,1.688165173568312,0.31133648932907687,1.0500803257999938,0,Gold
1.2103434093954406,0.24954372915521753,-0.3608124019147851,0.5327629719679187,2,Silver
-0.30275031905847444,0.1238007850131086,-0.17973544786562998,-1.5365064433603814,1,Platinum
0.6840499386288615,-0.07589565285059174,1.2953624981206326,1.419592721394333,2,Silver
-0.43432368675011923,0.6898494127064577,-0.9009643083291996,1.493495200513201,1,Platinum
1.4077034609329078,0.6035362641493913,-0.21265922261620715,0.5327629719679187,2,Silver
1.4077034609329078,0.8834929533965199,0.18567704793905374,-1.5365064433603814,2,Silver
1.4077034609329078,-1.165324725278925,-1.7068204563803477,-1.7582138807169851,1,Platinum
1.2761300932412631,0.623616199994752,0.30576688811470454,0.6066654510867865,0,Gold
-1.3553372605916327,-1.2014621875543334,0.047637917923889654,-1.314799006003778,0,Gold
0.4866898870913943,-0.0977060065528149,1.2001700612335888,-1.166994047766042,2,Silver
-0.8290437898250537,-0.7753727845533418,-0.32059810968984065,-1.7582138807169851,2,Silver
1.4077034609329078,1.1815359324262817,-0.3678219336488751,-0.6496766939339671,1,Platinum
-0.23696363521265207,-1.2928365601681127,-0.5271356039405101,-0.5018717356962314,1,Platinum
-0.43432368675011923,-1.7633260087567082,1.5268055536863792,1.6413001587509366,2,Silver
-0.894830473670876,0.8877019015678482,-1.4305211915281701,-1.3887014851226458,1,Platinum
1.3419167770870855,0.22237040369463978,-1.282943891202891,-1.6843114015981173,0,Gold
1.1445567255496183,-0.6157455472623548,0.2570051207750759,-1.166994047766042,0,Gold
0.9471966740121511,-0.7740917841166557,-0.7797719691477324,-1.5365064433603814,1,Platinum
0.35511651939974953,-1.4780368044850303,0.957615929006547,1.493495200513201,1,Platinum
-0.03960358367518487,1.0218558444296555,-1.2916918595300142,-0.1323593401018921,1,Platinum
1.5392768286245526,-0.5919576963241273,0.08160005405313014,1.345690242275465,0,Gold
-0.8290437898250537,0.771255461795479,0.6837567298715762,1.493495200513201,2,Silver
1.6708501963161975,0.18451396522747865,-0.888304682852899,1.345690242275465,1,Platinum
0.6182632547830391,-1.6296967745981108,-1.452218239880302,-1.2408965268849101,1,Platinum
-1.223763892899988,0.7887567585823586,1.200761984325612,1.0500803257999938,1,Platinum
0.8814099901663287,0.38252899098121224,-1.3990102704189789,0.015445618135843619,2,Silver
-0.30275031905847444,0.33861923589036824,-1.6180533976843896,-0.6496766939339671,1,Platinum
-0.30275031905847444,-0.3202730513179814,1.167567091162012,0.7544704093245223,1,Platinum
-0.6974704221334088,0.8284704286365803,-1.3597780880377992,-0.5757742148150993,0,Gold
0.026183100170637526,-1.2856050549742695,-1.275200137086492,-0.5018717356962314,1,Platinum
-1.0921905252083433,-0.7098137445774612,1.2637507671129182,0.16325057637357934,0,Gold
-0.10539026752100726,0.8264922789227286,1.511457508858475,-0.723579173052835,2,Silver
0.2893298355539271,-0.081098627719652,1.543935544581824,-0.5757742148150993,1,Platinum
-0.36853700290429686,1.5916656107659948,-0.16914003617273513,1.345690242275465,1,Platinum
0.026183100170637526,0.5277861726749871,-0.7641471729837662,-1.4626039642415136,0,Gold
-0.6316837382875864,-0.3846189718560857,-1.5358501316952933,-0.6496766939339671,2,Silver
0.4209032032455719,-1.7050693377294541,1.7485292919066293,-0.723579173052835,2,Silver
0.2893298355539271,-0.8492660172851699,1.2286898613613906,1.2717877631565973,0,Gold
1.5392768286245526,1.1423944388386684,0.5545561222773533,1.5673976796320688,2,Silver
1.0129833578579734,1.3865413728092448,-0.8268802987605973,0.6805679302056544,2,Silver
-0.03960358367518487,0.8460468768898122,0.666972367364248,1.7152026378698044,2,Silver
-0.36853700290429686,0.4092004211604586,-0.6819900969635887,-0.42796925657736357,2,Silver
0.6182632547830391,0.00033056103017165564,1.44732054211712,-1.2408965268849101,2,Silver
-1.6842706798207447,0.48161625762353344,0.5897712147291658,1.6413001587509366,2,Silver
-1.4869106282832776,1.6853076235328484,0.49484671074004705,-1.0930915686471743,2,Silver
-1.4869106282832776,0.06874186131039618,-1.3900085097731456,-1.4626039642415136,2,Silver
-0.03960358367518487,-0.12508290510178108,1.0442912308678265,1.7152026378698044,1,Platinum
-1.4869106282832776,0.8046149763328063,-0.6639723573972168,0.08934809725471148,0,Gold
1.4734901447787303,0.033833108032760933,-0.6070347324724896,-0.20626181922075998,2,Silver
-1.1579772090541656,0.10128072183515753,1.1244702574032206,1.419592721394333,0,Gold
0.2235431517081047,0.46975744944427794,-0.9935286175650283,-0.1323593401018921,2,Silver
1.6050635124703752,1.4901258896203236,-0.6142864022017611,-0.8713841312905707,2,Silver
1.2103434093954406,-1.046857701429843,-0.6559357689782863,-1.166994047766042,1,Platinum
-1.4869106282832776,-0.9568350298880717,-0.7370751506201915,-0.3540667774584957,0,Gold
-1.4211239444374553,-1.359481672823769,-1.3062582877265927,0.2371530554924472,0,Gold
1.2103434093954406,-0.3140454532007022,1.1223677785908956,1.419592721394333,1,Platinum
-0.23696363521265207,-0.9277879744720063,-1.4712412813942608,0.902275367562258,1,Platinum
-0.6974704221334088,1.48449053166346,1.5239962401520377,-0.058456860983024245,0,Gold
-0.30275031905847444,1.1692006756017435,0.19841483507848692,1.419592721394333,2,Silver
0.6840499386288615,-1.6707316656877549,0.4317005557373583,0.6066654510867865,2,Silver
-1.223763892899988,1.5459714685791963,1.4428754665800334,-0.3540667774584957,0,Gold
1.4077034609329078,-0.9560353483777435,-1.530916545763628,1.7152026378698044,2,Silver
0.4209032032455719,1.159543327679612,0.8344373434660811,0.38495801373018296,1,Platinum
0.7498366224746839,-1.4742195760499441,0.5004783518033372,1.419592721394333,1,Platinum
1.078770041703796,-0.25499296892464396,0.9036036946785073,-1.166994047766042,1,Platinum
-0.6974704221334088,-0.9103146876270043,-0.2568791058379706,1.493495200513201,0,Gold
-1.4211239444374553,0.8289301458856333,-1.4116994590292973,-0.5757742148150993,0,Gold
-0.6974704221334088,-1.4114063259753797,1.586273643031151,0.8283728884433901,0,Gold
-1.2895505767458104,1.5368221212668254,-1.4195639130897086,-0.7974816521717029,2,Silver
1.6050635124703752,-1.3346885865505027,-0.8215369079659173,-0.42796925657736357,0,Gold
-1.6842706798207447,1.5592087527249834,-1.3823751221005633,-1.314799006003778,0,Gold
-1.1579772090541656,0.26421578878465446,1.6984203236148265,-1.6104089224792493,1,Platinum
-0.5658970544417641,1.3591853768541755,0.39791078705310756,0.6066654510867865,2,Silver
1.2103434093954406,-0.1745310086752484,0.5783739467297504,1.419592721394333,2,Silver
1.3419167770870855,-1.23873442532027,0.12420701774626464,0.5327629719679187,1,Platinum
-1.5526973121291,-0.3314455926184548,0.38248395899814913,1.6413001587509366,2,Silver
-0.17117695136682967,0.4095813983149988,1.7153109735527365,-1.0191890895283064,0,Gold
0.09196978401645993,-1.4880452787001837,-0.14288354452195473,1.2717877631565973,2,Silver
-1.0921905252083433,1.4443692027712958,0.7495632173061644,-1.6843114015981173,1,Platinum
-1.1579772090541656,0.015733768693179613,1.0544818879045692,0.08934809725471148,2,Silver
-0.894830473670876,0.04164818475276166,-0.1715957963789606,-1.5365064433603814,1,Platinum
1.4077034609329078,-1.438233651754594,1.3558280033207368,-0.5757742148150993,0,Gold
0.5524765709372167,-1.4446519365227755,-1.6243681374974428,-0.5757742148150993,0,Gold
-0.23696363521265207,-1.3893778116443227,0.8462331116346884,0.2371530554924472,1,Platinum
1.3419167770870855,0.04420923021214318,-0.6886830584228937,0.38495801373018296,0,Gold
-0.6316837382875864,1.0960803960912806,0.003877603526608544,1.1239828049188616,0,Gold
1.2761300932412631,-0.5455998909554031,-1.1126520423859332,-0.1323593401018921,2,Silver
-1.2895505767458104,0.6889591299864621,-0.37027948085137496,1.5673976796320688,0,Gold
1.6708501963161975,-0.021786200929746084,-0.2045006134299311,-0.058456860983024245,1,Platinum
-0.6974704221334088,0.8830991131072738,-1.5387077718245339,0.3110555346113151,0,Gold
0.8814099901663287,0.34381400818077545,0.12304364432388333,-1.5365064433603814,2,Silver
0.6182632547830391,-1.1197026585914838,1.5250571332228564,0.9761778466811258,1,Platinum
-0.43432368675011923,0.42843660993801147,1.0540372366142037,0.3110555346113151,0,Gold
-0.17117695136682967,-1.7637829296721295,1.1135464268732866,-0.42796925657736357,0,Gold
1.3419167770870855,1.2851787993991421,0.8799441359396303,0.16325057637357934,0,Gold
-1.4211239444374553,0.9773752178278979,1.1466774543439495,0.3110555346113151,1,Platinum
1.2103434093954406,-1.6148870188400926,-0.5490764607408627,0.8283728884433901,2,Silver
-1.3553372605916327,-1.4547087407041968,0.9824714544259407,0.7544704093245223,1,Platinum
0.09196978401645993,1.334518731466623,-1.4511663206386003,-1.3887014851226458,1,Platinum
-1.4211239444374553,-0.06185719581653967,-1.1835403587474718,-0.1323593401018921,2,Silver
1.4734901447787303,0.029175651249686706,-1.0843956299698803,1.0500803257999938,1,Platinum
0.8156233063205063,-0.03841506492631263,0.34976168750138337,1.5673976796320688,1,Platinum
0.7498366224746839,-0.06578087135187304,-1.418130508991167,1.419592721394333,0,Gold
-1.6184839959749224,1.240896526062994,1.4601449208803716,1.7152026378698044,1,Platinum
1.078770041703796,-0.9655969451757692,1.1677498309549423,-1.2408965268849101,0,Gold
0.8156233063205063,0.33145309499516623,-0.17931542604565515,-1.6843114015981173,1,Platinum
-0.36853700290429686,1.3692754574058141,-1.1350175438879269,-0.8713841312905707,0,Gold
0.8814099901663287,-0.1852126536066752,1.310646366473639,1.1239828049188616,0,Gold
0.6840499386288615,-0.39326292847008565,0.5975816315761491,-0.2801642983396278,0,Gold
-0.5658970544417641,-1.5963428294252666,-1.0997744422119005,0.4588604928490508,2,Silver
1.4077034609329078,1.7009125167590433,1.050254592826489,1.7152026378698044,1,Platinum
1.2761300932412631,-0.2528643065530655,1.376802677852814,0.8283728884433901,1,Platinum
-0.9606171575166984,-0.907681520062705,0.023309362166719267,1.7152026378698044,1,Platinum
-0.6316837382875864,1.5180443447826308,-0.3262822729045002,0.9761778466811258,2,Silver
0.6840499386288615,-1.2836433337205042,-0.46225839341635644,0.16325057637357934,0,Gold
1.2761300932412631,-0.7837787032669425,-1.0071190350138222,0.8283728884433901,1,Platinum
0.7498366224746839,1.008863239476643,-0.5678278399733672,1.7152026378698044,2,Silver
-0.7632571059792312,-1.574300939298338,0.19577878248727226,-0.1323593401018921,2,Silver
-1.2895505767458104,0.17175695138293776,0.19570570987874722,-0.2801642983396278,1,Platinum
-0.8290437898250537,1.404151097432694,-1.2815442846425826,-0.8713841312905707,0,Gold
1.5392768286245526,-0.8908163658742589,-1.602529838744143,0.902275367562258,2,Silver
-1.6842706798207447,-1.255893147934485,-0.49663612272263086,1.6413001587509366,1,Platinum
0.7498366224746839,-0.4930318480406966,-0.7213157470194687,0.08934809725471148,0,Gold
-1.5526973121291,0.24859122801191644,-0.13622018504441263,1.1239828049188616,2,Silver
0.6840499386288615,0.9774230584357804,-0.7204179756303067,-1.314799006003778,2,Silver
1.1445567255496183,-0.9607508756892362,-0.9852191237368005,1.5673976796320688,1,Platinum
0.2893298355539271,-1.5551902592952884,-1.6064760703864556,1.0500803257999938,1,Platinum
1.078770041703796,0.02014435582213441,1.7501297801568276,-0.20626181922075998,0,Gold
-0.894830473670876,-1.2449029974951398,1.1548671028785569,1.0500803257999938,1,Platinum
1.4077034609329078,-0.7110529864319137,-0.9096768475127954,-0.1323593401018921,1,Platinum
-0.5658970544417641,-1.1646932665393244,1.1195318155034184,0.38495801373018296,0,Gold
-0.6316837382875864,1.6008964245981696,-0.9724473448204085,-0.5018717356962314,1,Platinum
-0.6316837382875864,0.8112791054327756,1.109995937210264,1.2717877631565973,0,Gold
-1.0264038413625207,1.5433464569879893,1.6542823314397248,-0.5018717356962314,0,Gold
-0.43432368675011923,1.1804249024688431,0.7019890255341117,1.5673976796320688,0,Gold
-1.0921905252083433,-1.446355276548971,-1.630195804282486,-1.0930915686471743,1,Platinum
0.1577564678622823,0.9612679865675465,-1.0995067424004459,1.0500803257999938,0,Gold
1.4077034609329078,-1.1473891112734802,-1.216775847804697,0.38495801373018296,1,Platinum
0.4866898870913943,1.1339463420927895,0.654969696105261,0.08934809725471148,0,Gold
-0.6316837382875864,-0.9688415543914222,1.3934685547376002,-1.314799006003778,1,Platinum
1.6708501963161975,-0.46141377357529667,-1.5788497683958551,-1.314799006003778,0,Gold
1.0129833578579734,-1.6176612614361117,0.035867944658025945,-1.4626039642415136,2,Silver
-0.894830473670876,0.9188441798658127,-0.7558798289589672,-1.7582138807169851,2,Silver
1.1445567255496183,0.2846533290959503,0.9097326257267677,1.5673976796320688,2,Silver
1.3419167770870855,1.549592604118359,1.747203884539454,-0.5018717356962314,0,Gold
0.8156233063205063,-1.3473231442847549,-0.14878210844179754,-0.8713841312905707,1,Platinum
0.026183100170637526,1.6266946296925737,1.7589579690775734,0.015445618135843619,0,Gold
-0.03960358367518487,0.07644552743795355,1.5413619980124682,1.1239828049188616,0,Gold
0.09196978401645993,0.1570633133789761,-0.7931887760236935,-1.2408965268849101,0,Gold
-0.894830473670876,-1.1036308009515736,-0.5704772950366398,-1.0930915686471743,0,Gold
-0.9606171575166984,-0.49689172056366643,1.0115285577161612,0.5327629719679187,1,Platinum
1.1445567255496183,-1.223437035582442,-0.6390843552629231,-0.5757742148150993,0,Gold
0.09196978401645993,0.0042225680871259,0.92640906919822,0.9761778466811258,2,Silver
-1.6184839959749224,-1.1082061387369966,-0.1547471797012442,-0.723579173052835,2,Silver
0.6840499386288615,0.05569624253228261,-1.3527440433765539,-0.723579173052835,2,Silver
0.4866898870913943,-0.6308617112780677,1.1088345838706277,1.7152026378698044,0,Gold
-0.23696363521265207,0.3725227538329644,0.32500487420227786,1.1239828049188616,1,Platinum
1.6708501963161975,1.537127923652233,0.26725117469632503,-0.3540667774584957,1,Platinum
1.2103434093954406,-0.6207567169470599,0.2506988109227085,-0.723579173052835,1,Platinum
0.1577564678622823,0.2861995850803844,1.0500129210042486,0.7544704093245223,0,Gold
0.5524765709372167,-1.235808504927511,-0.6750333981628288,-1.3887014851226458,1,Platinum
-1.0264038413625207,0.7288630672415414,-1.2674192445257817,0.38495801373018296,2,Silver
1.4077034609329078,0.5033674455666657,1.2562915727293453,-1.2408965268849101,1,Platinum
0.4209032032455719,-1.5052591356925038,-0.599879677085271,0.4588604928490508,0,Gold
1.6050635124703752,-1.6514179019547022,-1.3186971414675144,1.7152026378698044,0,Gold
-1.0264038413625207,1.408139042035996,1.1292129066677405,1.6413001587509366,1,Platinum
-1.1579772090541656,1.1043395305919967,-1.5633286957112946,0.5327629719679187,0,Gold
-0.8290437898250537,1.6186728107060686,0.04947471700750514,1.493495200513201,1,Platinum
-1.1579772090541656,0.6727692204617333,-0.6956040172981655,-0.723579173052835,1,Platinum
0.8156233063205063,-0.9521420363650944,-0.7234294528301264,-0.5018717356962314,2,Silver
1.4077034609329078,0.2332123717542846,-1.2349131607304735,-0.8713841312905707,0,Gold
-1.5526973121291,0.27276581189140925,-0.6397188943313163,-0.058456860983024245,2,Silver
0.1577564678622823,1.0442620502232354,-0.3473243871220635,1.1239828049188616,0,Gold
-0.5001103705959417,-1.2394465116795848,1.1389893690462727,-0.7974816521717029,1,Platinum
0.6182632547830391,0.15921108403037124,1.3592646302428841,0.2371530554924472,0,Gold
0.35511651939974953,-1.2349147267904756,0.43418378129936647,-1.0191890895283064,1,Platinum
-1.2895505767458104,1.0418816013109018,-0.8759509445214819,-1.3887014851226458,0,Gold
0.09196978401645993,1.1304029213258082,0.273236679869692,0.015445618135843619,2,Silver
1.1445567255496183,-1.729447191761192,-0.24815829208466933,-1.7582138807169851,2,Silver
-0.5658970544417641,-0.4840279100771745,0.6719931664836533,0.015445618135843619,1,Platinum
-1.4211239444374553,-0.7763919549509789,-0.6233043235095543,-1.6843114015981173,2,Silver
-0.23696363521265207,-1.720634989073684,-0.45281233110986335,0.5327629719679187,1,Platinum
-0.30275031905847444,-1.1646147128670536,0.7926692968282886,-0.8713841312905707,1,Platinum
-0.03960358367518487,-0.45120363709973665,0.5051046132235504,0.6066654510867865,1,Platinum
1.0129833578579734,-0.7388882506686777,1.4284823770220718,0.5327629719679187,0,Gold
-0.9606171575166984,-0.9895196726061661,-1.0168509001809845,-0.058456860983024245,1,Platinum
0.8814099901663287,0.20553036990331863,0.11547874522590502,0.16325057637357934,2,Silver
-0.5001103705959417,1.460623264850092,0.3921056131124748,-1.5365064433603814,0,Gold
1.3419167770870855,0.00723102692758096,-1.3606637777782362,-0.058456860983024245,2,Silver
-1.6842706798207447,0.7062563410237875,0.7988228184991946,-0.1323593401018921,1,Platinum
-1.5526973121291,-0.6958969513591686,0.5957970827096873,0.3110555346113151,1,Platinum
0.026183100170637526,-0.2805349599500428,-0.40339904823723455,0.6805679302056544,2,Silver
-0.5658970544417641,0.009208990219190496,1.4922932557910933,-0.2801642983396278,0,Gold
1.5392768286245526,1.3276390050436488,-1.65630762693053,0.38495801373018296,2,Silver
0.2235431517081047,1.027861530170478,-1.1800903293532667,0.08934809725471148,1,Platinum
-1.6184839959749224,1.5944820313942922,-1.5234088693941756,-0.3540667774584957,0,Gold
-1.4211239444374553,-0.6575756690312963,0.8139192464821139,-0.6496766939339671,1,Platinum
0.1577564678622823,0.8484667774091331,-0.6271999753877524,-1.6104089224792493,1,Platinum
0.4209032032455719,1.6757116551339328,1.744834871348027,0.902275367562258,2,Silver
1.0129833578579734,-1.6304965726223404,0.7155830558231995,1.1239828049188616,1,Platinum
-0.43432368675011923,0.7555828739926163,-1.3205188676260329,1.419592721394333,2,Silver
0.2235431517081047,1.0079292174380914,1.5028897552208509,0.015445618135843619,0,Gold
1.0129833578579734,-0.32356352040519437,1.716284070719639,-0.1323593401018921,1,Platinum
-1.4211239444374553,0.2749813004222523,-1.1116170607610931,1.419592721394333,1,Platinum
1.5392768286245526,-0.0905022083647059,0.3554765404346686,-1.7582138807169851,0,Gold
-0.36853700290429686,1.677188958191565,-0.317619925007568,0.6066654510867865,2,Silver
-0.7632571059792312,1.5223814815481926,0.7213413016877566,-0.723579173052835,1,Platinum
-0.43432368675011923,-0.40270647338329274,-0.5542747552076102,-0.5757742148150993,0,Gold
-1.223763892899988,-1.6959105760938564,0.4012837813687879,0.6805679302056544,1,Platinum
1.4734901447787303,0.07671747088363731,0.181189356425597,-0.5757742148150993,2,Silver
0.2893298355539271,0.14572336490508436,-0.8282072600375766,1.1978852840377294,2,Silver
-0.9606171575166984,1.4260445488493394,1.4887342584718946,1.419592721394333,2,Silver
-0.36853700290429686,-0.7435936645735357,-0.37008050270099474,-1.5365064433603814,2,Silver
0.2235431517081047,-1.1448052057866596,-0.1801519345408011,-0.8713841312905707,0,Gold
0.026183100170637526,-0.8124705077978793,-0.7104842187318822,-1.5365064433603814,1,Platinum
1.1445567255496183,1.347904524231034,-0.12044473732496527,-1.314799006003778,0,Gold
-0.03960358367518487,1.1346267133681647,-0.8404866437848805,1.5673976796320688,2,Silver
0.4209032032455719,-0.10243362800726478,-0.2550783186140588,-1.166994047766042,2,Silver
-0.03960358367518487,-0.2525567098535775,1.0421668030795224,-0.1323593401018921,2,Silver
-0.03960358367518487,1.092306697249728,-0.5204586865999296,0.6066654510867865,2,Silver
0.6182632547830391,-1.227963157895947,-0.904681532514173,0.6066654510867865,1,Platinum
0.8814099901663287,0.15799123008909843,0.4035968926550219,-0.3540667774584957,2,Silver
-1.6842706798207447,-1.0150784882389159,0.3899893045028957,-1.5365064433603814,1,Platinum
-0.7632571059792312,-1.667146765971903,0.23042296847715815,-1.7582138807169851,2,Silver
1.5392768286245526,-0.2690634439787791,-1.0870112097994296,1.2717877631565973,1,Platinum
-1.6842706798207447,1.6394669767665286,-0.9397439144800143,0.6805679302056544,1,Platinum
-1.0264038413625207,0.47939403458919405,-1.1971006691938166,0.16325057637357934,2,Silver
-1.6184839959749224,-1.2141597094008598,1.7694366821442007,-0.2801642983396278,0,Gold
-1.6842706798207447,1.0230008265379391,-0.3535398709463971,-0.058456860983024245,0,Gold
0.2893298355539271,-0.29318380228859703,0.7583621538748531,-0.723579173052835,0,Gold
1.1445567255496183,-1.5773805415269397,-0.22964928393381706,0.7544704093245223,0,Gold
-0.6974704221334088,0.3982836977817261,-0.2095047857144353,0.015445618135843619,0,Gold
-0.30275031905847444,0.18325114095939857,-0.5098228732521353,-1.166994047766042,2,Silver
1.0129833578579734,-1.5904662876926685,1.1734737742605799,-0.5757742148150993,2,Silver
-0.5658970544417641,0.21750082170282015,0.8607101123220566,-0.2801642983396278,2,Silver
1.3419167770870855,0.1351957746539845,0.8049478647729453,-0.8713841312905707,2,Silver
-0.6316837382875864,0.25587367308341724,-0.839373150867202,-1.6104089224792493,2,Silver
0.2235431517081047,0.631885098360399,0.01017866893338803,-1.5365064433603814,2,Silver
-1.0921905252083433,-1.2632549855783461,1.1276085336430326,-1.5365064433603814,1,Platinum
0.5524765709372167,0.579729281628567,0.1948795348837967,1.345690242275465,1,Platinum
-0.36853700290429686,0.7577217196791702,-1.2778207671229038,0.2371530554924472,2,Silver
-0.6974704221334088,0.28147606491526106,1.4318915385884363,-1.314799006003778,2,Silver
-1.3553372605916327,-0.08731254710491605,0.7375640034964909,0.08934809725471148,1,Platinum
-1.5526973121291,0.25351727264031637,1.139216783746063,-1.0191890895283064,1,Platinum
0.9471966740121511,-0.9152675304527081,0.9411749417181199,-0.058456860983024245,2,Silver
1.078770041703796,-1.3048216694164003,-1.4947881428246153,1.345690242275465,1,Platinum
-0.36853700290429686,0.6363389354495242,1.0901335901635123,-1.0930915686471743,0,Gold
-0.894830473670876,-0.8086687058033281,-1.2630494559186904,0.902275367562258,0,Gold
-0.5658970544417641,1.038247672545374,-0.014479665331899864,-0.8713841312905707,0,Gold
-0.17117695136682967,-1.0477000270280548,-1.5182256867002704,1.419592721394333,1,Platinum
0.026183100170637526,0.318382285911587,0.3747078835578305,1.2717877631565973,2,Silver
-1.4869106282832776,0.8742320090694635,0.735171837048987,1.0500803257999938,2,Silver
-0.30275031905847444,0.6596287593679442,1.5042654315701802,-0.42796925657736357,2,Silver
-0.17117695136682967,-0.3441506179602261,0.31928850620693394,-0.42796925657736357,1,Platinum
0.8814099901663287,0.3388541046126516,-1.383200131663161,-0.9452866104094386,1,Platinum
1.2103434093954406,-1.6180312862839277,0.7438400121076836,-0.20626181922075998,0,Gold
-1.0921905252083433,-1.0516827518085776,1.5543465848764946,1.6413001587509366,1,Platinum
-1.6184839959749224,-1.5358655898610722,0.30241774631451296,0.902275367562258,0,Gold
0.8814099901663287,0.1807258419649424,-0.14599396692853314,0.38495801373018296,0,Gold
-1.3553372605916327,0.21643334464169525,-0.9060587627733062,1.5673976796320688,2,Silver
1.4077034609329078,-0.7726457766929183,-0.7808706222267843,-0.9452866104094386,1,Platinum
-0.5658970544417641,0.573476749536405,-0.48537004355840363,0.3110555346113151,2,Silver
-0.6316837382875864,-1.5639108354507971,-0.9981525869682808,-0.2801642983396278,2,Silver
0.7498366224746839,-1.507254179922047,1.1757785332816182,-1.0191890895283064,1,Platinum
1.2103434093954406,1.5938925642647277,-1.2600217015136757,0.902275367562258,1,Platinum
-0.23696363521265207,-0.8340077762181858,-0.30675553152763047,1.7152026378698044,0,Gold
1.2761300932412631,-0.15149078083623882,-1.3968804427941064,-0.5018717356962314,0,Gold
0.2235431517081047,0.7906014998791975,-1.3477108129787179,1.419592721394333,0,Gold
-0.36853700290429686,-0.8681343716762516,0.6720250216346317,0.16325057637357934,0,Gold
-1.0921905252083433,-0.49555570226277634,1.1437960782424552,0.902275367562258,2,Silver
1.078770041703796,0.575484027725587,-1.5376372833606764,1.7152026378698044,2,Silver
-0.894830473670876,-0.8203862758314019,0.9521004038533479,-0.9452866104094386,1,Platinum
-0.9606171575166984,1.0959450302407256,0.7756094649604868,-0.1323593401018921,0,Gold
-1.1579772090541656,0.994517465376466,-0.42792759218615767,0.6805679302056544,0,Gold
-1.4869106282832776,0.7389901992138002,-1.4127429871580583,0.9761778466811258,0,Gold
0.8156233063205063,1.0049486986311733,1.066574608236688,-0.1323593401018921,2,Silver
-0.17117695136682967,0.8675014204401805,1.751279401477445,0.015445618135843619,1,Platinum
0.4866898870913943,-1.4262840093378684,-1.2527425664286214,-1.5365064433603814,2,Silver
0.8156233063205063,1.4155825792274637,-0.28873258636341576,0.38495801373018296,1,Platinum
0.9471966740121511,-1.2180257338578193,0.7185693596841971,0.38495801373018296,1,Platinum
-1.4211239444374553,-0.11233188007176811,1.3782908184241955,-0.8713841312905707,2,Silver
-0.7632571059792312,1.4043669510862817,-1.58005715631343,1.2717877631565973,2,Silver
1.5392768286245526,-0.2183412608943641,-1.570113104762555,-0.7974816521717029,1,Platinum
-1.4869106282832776,-1.0976277484249206,-0.3867380273205853,1.6413001587509366,2,Silver
1.6050635124703752,-0.48011206427600994,-1.7110885415907784,-1.2408965268849101,2,Silver
1.6708501963161975,-0.31202039499017864,1.6030810810990659,-0.058456860983024245,1,Platinum
0.8156233063205063,0.7858446800410765,1.7096813525721912,-0.5018717356962314,1,Platinum
-1.223763892899988,-1.2993078820641757,1.2758439924657232,0.7544704093245223,0,Gold
1.4734901447787303,0.5828138939549257,0.17488716443420974,0.015445618135843619,2,Silver
1.2103434093954406,-1.453983162035109,1.1118873562234841,-0.5757742148150993,1,Platinum
-0.17117695136682967,-0.320474783486729,0.20482261524104434,0.5327629719679187,2,Silver
0.09196978401645993,-0.6704866909506036,-0.6270656787329566,-0.058456860983024245,2,Silver
1.078770041703796,-1.2699096071439675,0.6991272675438909,-1.314799006003778,1,Platinum
0.026183100170637526,1.2590320313175454,-1.4453176372234604,-0.8713841312905707,0,Gold
-1.6842706798207447,0.42706591710008823,-0.19960509828845957,0.16325057637357934,1,Platinum
0.4866898870913943,-0.00679246972154147,0.4601527996364386,1.7152026378698044,1,Platinum
-0.6316837382875864,-0.7888866260953049,-1.5715545891920764,-1.4626039642415136,2,Silver
0.6840499386288615,0.07575961010087544,-0.366863210147658,0.8283728884433901,0,Gold
0.7498366224746839,-1.3933251628044045,1.6200693942681466,0.08934809725471148,1,Platinum
-0.03960358367518487,1.6524208291959614,0.5794970738882126,1.2717877631565973,2,Silver
